attemptId,browserAspectRatio,browserInnerHeight,browserInnerWidth,browserName,browserOrientation,browserOuterHeight,browserOuterWidth,browserVersion.0,browserVersion.1,browserVersion.2,browserVersion.3,browserVersion.4,connectionDownlink,connectionDownlinkMax,connectionEffectiveType,connectionRTT,connectionSaveData,connectionType,courseSize,date,datetime,engineName,engineVersion.0,engineVersion.1,engineVersion.2,engineVersion.3,engineVersion.4,htmlFontSize,isDeleted,isLive,operatingSystemName,operatingSystemVersion.0,operatingSystemVersion.1,operatingSystemVersion.2,operatingSystemVersion.3,operatingSystemVersion.4,platformModel,platformType,platformVendor,scope,screenAspectRatio,screenHeight,screenIsTouch,screenOrientation,screenWidth,sessionId,userId
osbrj,0.458333333333333,880,1920,chrome,landscape,1040,1920,109,0,0,0,,10,2147483647,4g,100,false,unknown,large,2023-01-17T00:00:00.0000,2023-01-17T23:20:55.5529,blink,0,,,,,16px,false,false,windows,10,0,,,,"",desktop/laptop,,sj_family_products_dangerous_goods,0.5625,1080,false,landscape,1920,a494af07b7d366c28bd7d4bf9883c8229efc1b55738a3fc13245ee0498d23683,3e63264e969211153630003042862a0011f6f959d3b01ca2f7155667b07734e0
q9xfl,1.46133333333333,548,375,safari,portrait,667,375,15,5,,,,11.425,2147483647,4g,0,false,unknown,small,2023-01-18T00:00:00.0000,2023-01-18T09:07:24.0460,webkit,605,,,,,16px,false,false,ios,15,5,,,,iphone,mobile,,sj_family_products_dangerous_goods,1.77866666666667,667,true,portrait,375,ead94b8f21703c9da111da42d89d50e607ee89b418e9c82fa88215714964eb96,3e63264e969211153630003042862a0011f6f959d3b01ca2f7155667b07734e0
wcjje,1.60906515580737,568,353,chrome,portrait,568,353,109,0,0,0,,1.65,2147483647,4g,200,false,wifi,small,2023-01-18T00:00:00.0000,2023-01-18T09:33:41.7309,blink,0,,,,,16px,false,false,android,13,,,,,"",mobile,,sj_family_products_dangerous_goods,2.1671388101983,765,true,portrait,353,fda1028eb5b1e69b1450c9950bb549c8068b2b112c5a30b4ac199a81c926b87b,3e63264e969211153630003042862a0011f6f959d3b01ca2f7155667b07734e0
wcjje,1.90368271954674,672,353,chrome,portrait,672,353,109,0,0,0,,1.65,2147483647,4g,50,false,wifi,small,2023-01-18T00:00:00.0000,2023-01-18T09:33:43.8980,blink,0,,,,,16px,false,false,android,13,,,,,"",mobile,,sj_family_products_dangerous_goods,2.1671388101983,765,true,portrait,353,fda1028eb5b1e69b1450c9950bb549c8068b2b112c5a30b4ac199a81c926b87b,3e63264e969211153630003042862a0011f6f959d3b01ca2f7155667b07734e0
wcjje,1.60906515580737,568,353,chrome,portrait,568,353,109,0,0,0,,1.65,2147483647,4g,50,false,wifi,small,2023-01-18T00:00:00.0000,2023-01-18T09:37:14.0499,blink,0,,,,,16px,false,false,android,13,,,,,"",mobile,,sj_family_products_dangerous_goods,2.1671388101983,765,true,portrait,353,fda1028eb5b1e69b1450c9950bb549c8068b2b112c5a30b4ac199a81c926b87b,3e63264e969211153630003042862a0011f6f959d3b01ca2f7155667b07734e0
osbrj,0.488020833333333,937,1920,chrome,landscape,1040,1920,109,0,0,0,,2.15,2147483647,4g,100,false,unknown,large,2023-01-18T00:00:00.0000,2023-01-18T11:46:02.2530,blink,0,,,,,16px,false,false,windows,10,0,,,,"",desktop/laptop,,sj_family_products_dangerous_goods,0.5625,1080,false,landscape,1920,a494af07b7d366c28bd7d4bf9883c8229efc1b55738a3fc13245ee0498d23683,3e63264e969211153630003042862a0011f6f959d3b01ca2f7155667b07734e0
1e1yg,1.64537037037037,1777,1080,chrome,portrait,1880,1080,109,0,0,0,,3,2147483647,4g,100,false,unknown,large,2023-01-18T00:00:00.0000,2023-01-18T12:27:51.6740,blink,0,,,,,16px,false,false,windows,10,0,,,,"",desktop/laptop,,sj_family_products_dangerous_goods,1.77777777777778,1920,false,portrait,1080,a6b19b97fe8d99474d93fbc753115fdee41ebeaaa349fafd02bd2020ea75a423,9796bf82554a10cddbe13cab4dec0e1c886459c116f69612d7baad5901c6f136
wekp2,1.66203703703704,1795,1080,firefox,portrait,1896,1096,108,0,,,,41.2,2147483647,4g,0,false,unknown,large,2023-01-18T00:00:00.0000,2023-01-18T12:43:58.9119,gecko,20100101,,,,,16px,false,false,windows,10,0,,,,"",desktop/laptop,,sj_family_products_dangerous_goods,1.77777777777778,1920,false,portrait,1080,1fba2ab764f70f7e9a9430501d2c51865760aa1e1d1ed1edf5d3ef14288cf30e,3e63264e969211153630003042862a0011f6f959d3b01ca2f7155667b07734e0
wekp2,1.66203703703704,1795,1080,firefox,portrait,1896,1096,108,0,,,,52.1,2147483647,4g,0,false,unknown,large,2023-01-18T00:00:00.0000,2023-01-18T12:44:11.9939,gecko,20100101,,,,,16px,false,false,windows,10,0,,,,"",desktop/laptop,,sj_family_products_dangerous_goods,1.77777777777778,1920,false,portrait,1080,f269b1cedf7e0f17a1744fe181f169f59fbd89ebcc5979db17ff8fa17dc54976,3e63264e969211153630003042862a0011f6f959d3b01ca2f7155667b07734e0
wekp2,1.66203703703704,1795,1080,firefox,portrait,1896,1096,108,0,,,,63.175,2147483647,4g,0,false,unknown,large,2023-01-18T00:00:00.0000,2023-01-18T12:44:13.9349,gecko,20100101,,,,,16px,false,false,windows,10,0,,,,"",desktop/laptop,,sj_family_products_dangerous_goods,1.77777777777778,1920,false,portrait,1080,72120f60c6b5b187a562e1cd46681c6935b922c8f7be317be0bf08d7669fec9f,3e63264e969211153630003042862a0011f6f959d3b01ca2f7155667b07734e0
y649v,0.488020833333333,937,1920,chrome,landscape,1040,1920,109,0,0,0,,1.3,2147483647,4g,100,false,unknown,large,2023-01-18T00:00:00.0000,2023-01-18T12:44:57.6860,blink,0,,,,,16px,false,false,windows,10,0,,,,"",desktop/laptop,,sj_family_products_dangerous_goods,0.5625,1080,false,landscape,1920,35bd7fa98e4a9d446651ff6813d00113f8010c99da19c03506b9eb894b72b081,9796bf82554a10cddbe13cab4dec0e1c886459c116f69612d7baad5901c6f136
015wm,0.488020833333333,937,1920,chrome,landscape,1040,1920,109,0,0,0,,1.3,2147483647,4g,100,false,unknown,large,2023-01-18T00:00:00.0000,2023-01-18T12:57:25.3059,blink,0,,,,,16px,false,false,windows,10,0,,,,"",desktop/laptop,,sj_family_products_dangerous_goods,0.5625,1080,false,landscape,1920,e65f37f4452c5c7e100e2e3ed221dbea892e68df959022c9ac7ae7e21dc28f07,69226dbdbd7255eaa3cf3cb7d4bbe0ce9f3ee16f3fdf9e03310aa69df8c7fcc7
a3bgo,0.488020833333333,937,1920,chrome,landscape,1040,1920,109,0,0,0,,1.3,2147483647,4g,100,false,unknown,large,2023-01-18T00:00:00.0000,2023-01-18T12:57:28.7330,blink,0,,,,,16px,false,false,windows,10,0,,,,"",desktop/laptop,,sj_family_products_dangerous_goods,0.5625,1080,false,landscape,1920,3e717493e0c59048e9fe165689dd63f5b38132dd038468ad5da07fe2bda69c4e,69226dbdbd7255eaa3cf3cb7d4bbe0ce9f3ee16f3fdf9e03310aa69df8c7fcc7
hb6pt,0.488020833333333,937,1920,chrome,landscape,1040,1920,109,0,0,0,,6.25,2147483647,4g,150,false,unknown,large,2023-01-18T00:00:00.0000,2023-01-18T13:08:44.1199,blink,0,,,,,16px,false,false,windows,10,0,,,,"",desktop/laptop,,sj_family_products_dangerous_goods,0.5625,1080,false,landscape,1920,951206f6c9e4c6630c141b63716c1252b5cc1769d05a4433ff2a5e60247d5e89,69226dbdbd7255eaa3cf3cb7d4bbe0ce9f3ee16f3fdf9e03310aa69df8c7fcc7
w25te,0.488020833333333,937,1920,chrome,landscape,1040,1920,109,0,0,0,,6.25,2147483647,4g,150,false,unknown,large,2023-01-18T00:00:00.0000,2023-01-18T13:09:15.9820,blink,0,,,,,16px,false,false,windows,10,0,,,,"",desktop/laptop,,sj_family_products_dangerous_goods,0.5625,1080,false,landscape,1920,122ce2be3e448c431dfeeb5c9ea5ea439903eddd3738b6df6c81d633002ced95,69226dbdbd7255eaa3cf3cb7d4bbe0ce9f3ee16f3fdf9e03310aa69df8c7fcc7
e38e2,0.488020833333333,937,1920,chrome,landscape,1040,1920,109,0,0,0,,6.25,2147483647,4g,150,false,unknown,large,2023-01-18T00:00:00.0000,2023-01-18T13:09:30.2449,blink,0,,,,,16px,false,false,windows,10,0,,,,"",desktop/laptop,,sj_family_products_dangerous_goods,0.5625,1080,false,landscape,1920,912b50ed9e59330b0ebdb884129f34a8273a2ba967b67dcd94b43a18ec3ce5fa,69226dbdbd7255eaa3cf3cb7d4bbe0ce9f3ee16f3fdf9e03310aa69df8c7fcc7
e38e2,0.458333333333333,880,1920,chrome,landscape,1040,1920,109,0,0,0,,6.25,2147483647,4g,150,false,unknown,large,2023-01-18T00:00:00.0000,2023-01-18T13:37:23.2639,blink,0,,,,,16px,false,false,windows,10,0,,,,"",desktop/laptop,,sj_family_products_dangerous_goods,0.5625,1080,false,landscape,1920,912b50ed9e59330b0ebdb884129f34a8273a2ba967b67dcd94b43a18ec3ce5fa,69226dbdbd7255eaa3cf3cb7d4bbe0ce9f3ee16f3fdf9e03310aa69df8c7fcc7
e38e2,0.488020833333333,937,1920,chrome,landscape,1040,1920,109,0,0,0,,1.45,2147483647,4g,100,false,unknown,large,2023-01-18T00:00:00.0000,2023-01-18T16:37:49.2909,blink,0,,,,,16px,false,false,windows,10,0,,,,"",desktop/laptop,,sj_family_products_dangerous_goods,0.5625,1080,false,landscape,1920,912b50ed9e59330b0ebdb884129f34a8273a2ba967b67dcd94b43a18ec3ce5fa,69226dbdbd7255eaa3cf3cb7d4bbe0ce9f3ee16f3fdf9e03310aa69df8c7fcc7
e38e2,0.458333333333333,880,1920,chrome,landscape,1040,1920,109,0,0,0,,1.45,2147483647,4g,100,false,unknown,large,2023-01-18T00:00:00.0000,2023-01-18T16:48:25.6259,blink,0,,,,,16px,false,false,windows,10,0,,,,"",desktop/laptop,,sj_family_products_dangerous_goods,0.5625,1080,false,landscape,1920,912b50ed9e59330b0ebdb884129f34a8273a2ba967b67dcd94b43a18ec3ce5fa,69226dbdbd7255eaa3cf3cb7d4bbe0ce9f3ee16f3fdf9e03310aa69df8c7fcc7
e38e2,0.488020833333333,937,1920,chrome,landscape,1040,1920,109,0,0,0,,1.95,2147483647,4g,100,false,unknown,large,2023-01-18T00:00:00.0000,2023-01-18T17:15:02.8220,blink,0,,,,,16px,false,false,windows,10,0,,,,"",desktop/laptop,,sj_family_products_dangerous_goods,0.5625,1080,false,landscape,1920,912b50ed9e59330b0ebdb884129f34a8273a2ba967b67dcd94b43a18ec3ce5fa,69226dbdbd7255eaa3cf3cb7d4bbe0ce9f3ee16f3fdf9e03310aa69df8c7fcc7
wekp2,1.69907407407407,1835,1080,firefox,portrait,1936,1096,108,0,,,,63.175,2147483647,4g,0,false,unknown,large,2023-01-19T00:00:00.0000,2023-01-19T06:24:27.5510,gecko,20100101,,,,,16px,false,false,windows,10,0,,,,"",desktop/laptop,,sj_family_products_dangerous_goods,1.77777777777778,1920,false,portrait,1080,72120f60c6b5b187a562e1cd46681c6935b922c8f7be317be0bf08d7669fec9f,3e63264e969211153630003042862a0011f6f959d3b01ca2f7155667b07734e0
wekp2,1.66203703703704,1795,1080,firefox,portrait,1896,1096,108,0,,,,63.175,2147483647,4g,0,false,unknown,large,2023-01-19T00:00:00.0000,2023-01-19T07:27:45.5710,gecko,20100101,,,,,16px,false,false,windows,10,0,,,,"",desktop/laptop,,sj_family_products_dangerous_goods,1.77777777777778,1920,false,portrait,1080,72120f60c6b5b187a562e1cd46681c6935b922c8f7be317be0bf08d7669fec9f,3e63264e969211153630003042862a0011f6f959d3b01ca2f7155667b07734e0
4sihh,0.488020833333333,937,1920,chrome,landscape,974,1038,109,0,0,0,,10,2147483647,4g,100,false,unknown,large,2023-01-19T00:00:00.0000,2023-01-19T13:20:25.2739,blink,0,,,,,16px,false,false,windows,10,0,,,,"",desktop/laptop,,sj_family_products_dangerous_goods,0.5625,1080,false,landscape,1920,b6390e6cf8f8255e101a93f33d809788355478d374d2566871f40a2f95f3d935,3e63264e969211153630003042862a0011f6f959d3b01ca2f7155667b07734e0
4sihh,1.64537037037037,1777,1080,chrome,portrait,1880,1080,109,0,0,0,,10,2147483647,4g,100,false,unknown,large,2023-01-19T00:00:00.0000,2023-01-19T13:20:26.9860,blink,0,,,,,16px,false,false,windows,10,0,,,,"",desktop/laptop,,sj_family_products_dangerous_goods,1.77777777777778,1920,false,portrait,1080,b6390e6cf8f8255e101a93f33d809788355478d374d2566871f40a2f95f3d935,3e63264e969211153630003042862a0011f6f959d3b01ca2f7155667b07734e0
qz844,0.488020833333333,937,1920,chrome,landscape,1040,1920,109,0,0,0,,8.45,2147483647,4g,50,false,unknown,large,2023-01-19T00:00:00.0000,2023-01-19T14:29:38.2939,blink,0,,,,,16px,false,false,windows,10,0,,,,"",desktop/laptop,,sj_family_products_dangerous_goods,0.5625,1080,false,landscape,1920,6c5103613b6a75531e47958ddcd7b9608ae3fbec3db9213e7b3a105f659f88dd,3e63264e969211153630003042862a0011f6f959d3b01ca2f7155667b07734e0
86zws,0.458333333333333,880,1920,chrome,landscape,1040,1920,109,0,0,0,,0.95,2147483647,4g,150,false,unknown,large,2023-01-19T00:00:00.0000,2023-01-19T14:46:22.6610,blink,0,,,,,16px,false,false,windows,10,0,,,,"",desktop/laptop,,sj_family_products_dangerous_goods,0.5625,1080,false,landscape,1920,e4bc26270e1a2ac75f6648d91ccad44c12acbd42a0deb1032ebfc98e7bb13366,3e63264e969211153630003042862a0011f6f959d3b01ca2f7155667b07734e0
0skr2,0.494160583941606,677,1370,microsoft edge,landscape,680,1280,109,0,1518,55,,9.2,2147483647,4g,50,false,unknown,large,2023-01-19T00:00:00.0000,2023-01-19T16:34:06.4579,blink,0,,,,,16px,false,false,windows,10,0,,,,"",desktop/laptop,,sj_family_products_dangerous_goods,0.5625,720,false,landscape,1280,49a2db67fb7078275668ce9a640385002343b6fc140e4870ee8000b8a5bda0db,3e63264e969211153630003042862a0011f6f959d3b01ca2f7155667b07734e0
8g1ou,0.494160583941606,677,1370,microsoft edge,landscape,680,1280,109,0,1518,55,,10,2147483647,4g,50,false,unknown,large,2023-01-19T00:00:00.0000,2023-01-19T17:01:47.0179,blink,0,,,,,16px,false,false,windows,10,0,,,,"",desktop/laptop,,sj_family_products_dangerous_goods,0.5625,720,false,landscape,1280,7707c839bf16f5d0605fdbcd6d58e19e4a82556ee4b72e6044f6a6a51023cfb7,3e63264e969211153630003042862a0011f6f959d3b01ca2f7155667b07734e0
sag76,0.494160583941606,677,1370,microsoft edge,landscape,680,1280,109,0,1518,55,,10,2147483647,4g,50,false,unknown,large,2023-01-20T00:00:00.0000,2023-01-20T11:50:27.9379,blink,0,,,,,16px,false,false,windows,10,0,,,,"",desktop/laptop,,sj_family_products_dangerous_goods,0.5625,720,false,landscape,1280,048ed2fcefaa019ade934f76796fef0327ff6133437055e71ddfafa46be6212e,3e63264e969211153630003042862a0011f6f959d3b01ca2f7155667b07734e0
6xnxd,0.494160583941606,677,1370,microsoft edge,landscape,680,1280,109,0,1518,55,,10,2147483647,4g,100,false,unknown,large,2023-01-20T00:00:00.0000,2023-01-20T12:27:08.9130,blink,0,,,,,16px,false,false,windows,10,0,,,,"",desktop/laptop,,sj_family_products_dangerous_goods,0.5625,720,false,landscape,1280,ba468366db6ecc80e515a290e5b99b96a141b0682e10ac62bc406909413a5498,3e63264e969211153630003042862a0011f6f959d3b01ca2f7155667b07734e0
qzz88,0.494160583941606,677,1370,microsoft edge,landscape,680,1280,109,0,1518,55,,10,2147483647,4g,100,false,unknown,large,2023-01-20T00:00:00.0000,2023-01-20T12:44:09.3450,blink,0,,,,,16px,false,false,windows,10,0,,,,"",desktop/laptop,,sj_family_products_dangerous_goods,0.5625,720,false,landscape,1280,3ef07efd6dd9e921cde7c26c75d852823a6a74bf361f4c37f51aa6bedf0f6bbb,3e63264e969211153630003042862a0011f6f959d3b01ca2f7155667b07734e0
eqy80,0.493917274939173,609,1233,microsoft edge,landscape,680,1280,109,0,1518,55,,9.8,2147483647,4g,0,false,unknown,large,2023-01-20T00:00:00.0000,2023-01-20T12:49:43.1930,blink,0,,,,,16px,false,false,windows,10,0,,,,"",desktop/laptop,,sj_family_products_dangerous_goods,0.5625,720,false,landscape,1280,7f54fdb2dc8cf54cc882f00f1336cf6fcbae1f88cfa28cffc1404dd7a229f6e7,8c6976e5b5410415bde908bd4dee15dfb167a9c873fc4bb8a81f6f2ab448a918
iwqiz,0.493917274939173,609,1233,microsoft edge,landscape,680,1280,109,0,1518,55,,10,2147483647,4g,150,false,unknown,large,2023-01-20T00:00:00.0000,2023-01-20T14:43:42.0669,blink,0,,,,,16px,false,false,windows,10,0,,,,"",desktop/laptop,,sj_family_products_dangerous_goods,0.5625,720,false,landscape,1280,fa7e58abcb99f088e6c8ebe60ae6ec303bc166564f544e082893a03204841480,8c6976e5b5410415bde908bd4dee15dfb167a9c873fc4bb8a81f6f2ab448a918
lhwl2,0.470039946737683,706,1502,microsoft edge,landscape,793,1516,108,0,1462,54,,10,2147483647,4g,50,false,unknown,large,2023-01-20T00:00:00.0000,2023-01-20T14:58:58.7620,blink,0,,,,,16px,false,false,windows,10,0,,,,"",desktop/laptop,,sj_family_products_dangerous_goods,0.5625,864,false,landscape,1536,57138ee6fff3a13b02e57aebfbaedbb7b88927d1d86e7346f998a161f3bef844,dced06dad0d3fd46f5b4f2fe573f54817587f99348a906537b3f5ba5bb4364a0
8uzv3,0.470039946737683,706,1502,microsoft edge,landscape,793,1516,108,0,1462,54,,10,2147483647,4g,50,false,unknown,large,2023-01-20T00:00:00.0000,2023-01-20T15:00:09.9660,blink,0,,,,,16px,false,false,windows,10,0,,,,"",desktop/laptop,,sj_family_products_dangerous_goods,0.5625,864,false,landscape,1536,f786cd5ea2c65ee6971630bbff49e3a8ee5a34447d65ec77b655bf21d51793cf,dced06dad0d3fd46f5b4f2fe573f54817587f99348a906537b3f5ba5bb4364a0
uay2o,0.4375,700,1600,chrome,landscape,858,1598,109,0,0,0,,4.2,2147483647,4g,50,false,unknown,large,2023-01-20T00:00:00.0000,2023-01-20T15:00:42.4839,blink,0,,,,,16px,false,false,windows,10,0,,,,"",desktop/laptop,,sj_family_products_dangerous_goods,0.5625,900,false,landscape,1600,67f7e0b47b38949e5d844d3bfaf7ceff9f53e3d6a4548b3aacab81a7075cbd56,a931ee378af64d2c6b99181d2ff408c9747472db83949f9b693f02bbc4b6ec7f
c4v74,0.488020833333333,937,1920,chrome,landscape,1034,1914,109,0,0,0,,10,2147483647,4g,50,false,unknown,large,2023-01-20T00:00:00.0000,2023-01-20T16:51:08.5480,blink,0,,,,,16px,false,false,windows,10,0,,,,"",desktop/laptop,,sj_family_products_dangerous_goods,0.5625,1080,false,landscape,1920,f3ad428285a579f74ce91596a47136d8d33d8af391ad3ee2115dce752d902aed,4053306ded045b92debcaad7c35c6392874128c7b765e22ebad19eef2a38e01b
k8lbj,0.514909090909091,708,1375,chrome,landscape,787,1375,109,0,0,0,,8.9,2147483647,4g,50,false,unknown,large,2023-01-20T00:00:00.0000,2023-01-20T19:02:57.8010,blink,0,,,,,16px,false,false,macos,10,15,,,,"",desktop/laptop,,sj_family_products_dangerous_goods,0.625,900,false,landscape,1440,acc3284fb8f310cdb3052d0cd34804564dd441ef724718b792d09aa3f8abae15,5db32a01142bc6eb74afa89ee276b232204f0184c8293216a5cf9ae6adf48649
2xjiw,1.73913043478261,720,414,chrome,portrait,896,414,109,0,5414,83,,0,50,slow-2g,2000,false,unknown,small,2023-01-20T00:00:00.0000,2023-01-20T19:09:03.7579,webkit,605,,,,,16px,false,false,ios,15,6,,,,iphone,mobile,,sj_family_products_dangerous_goods,2.16425120772947,896,true,portrait,414,caa8208eff77369688b2e605a5ea6b99dcd29ed892c46dae4998fc927db0a44d,fc091848419422e3601329bb0761be5fcaf1bf9226b95180f081a12532e3917c
52nzy,0.52625,842,1600,firefox,landscape,937,1563,109,0,,,,1.075,2147483647,4g,0,false,unknown,large,2023-01-20T00:00:00.0000,2023-01-20T19:38:14.7760,gecko,20100101,,,,,16px,false,false,windows,10,0,,,,"",desktop/laptop,,sj_family_products_dangerous_goods,0.625,1000,false,landscape,1600,3fbc554c78846b790c6a0fb9f9615e48ce72040299697e734b0617830e116552,d25e07827f3feda516cbc7b1b36d34a4061f357395576fc85b1526076bcd18fb
52nzy,0.73665791776028,842,1143,firefox,landscape,937,1563,109,0,,,,2.4,2147483647,4g,0,false,unknown,large,2023-01-20T00:00:00.0000,2023-01-20T19:42:18.7880,gecko,20100101,,,,,16px,false,false,windows,10,0,,,,"",desktop/laptop,,sj_family_products_dangerous_goods,0.625,1000,false,landscape,1600,3fbc554c78846b790c6a0fb9f9615e48ce72040299697e734b0617830e116552,d25e07827f3feda516cbc7b1b36d34a4061f357395576fc85b1526076bcd18fb
wzujq,0.588376273217496,982,1669,chrome,landscape,1101,1683,109,0,0,0,,8.3,2147483647,4g,50,false,unknown,large,2023-01-20T00:00:00.0000,2023-01-20T20:02:38.4579,blink,0,,,,,16px,false,false,windows,10,0,,,,"",desktop/laptop,,sj_family_products_dangerous_goods,0.562642369020501,1235,false,landscape,2195,e21589ad97960d081f8851a570d9eb97c4c6aade8c36682aa9c8b726329d09e2,a98cb2155b94093f6e5f972a78fd01394fb7132e57fb1668a61bf072718a4b08
mpzl3,1.646875,527,320,safari,portrait,693,320,16,1,,,,0,50,slow-2g,2000,false,unknown,small,2023-01-20T00:00:00.0000,2023-01-20T20:27:03.5969,webkit,605,,,,,16px,false,false,ios,16,1,,,,iphone,mobile,,sj_family_products_dangerous_goods,2.165625,693,true,portrait,320,57e2d0b16422ef9aea031e49b55e8c9b834bf7227314eb4cab0b1c73c929f1a4,622e96f94a327fd5e6bbc6923009ca2ca503ccec99cfc0b4ffceb693a38fc1c7
mpzl3,0.520325203252033,320,615,safari,landscape,320,693,16,1,,,,0,50,slow-2g,2000,false,unknown,medium,2023-01-20T00:00:00.0000,2023-01-20T20:28:50.3559,webkit,605,,,,,16px,false,false,ios,16,1,,,,iphone,mobile,,sj_family_products_dangerous_goods,0.461760461760462,320,true,landscape,693,57e2d0b16422ef9aea031e49b55e8c9b834bf7227314eb4cab0b1c73c929f1a4,622e96f94a327fd5e6bbc6923009ca2ca503ccec99cfc0b4ffceb693a38fc1c7
mpzl3,1.646875,527,320,safari,portrait,693,320,16,1,,,,0,50,slow-2g,2000,false,unknown,small,2023-01-20T00:00:00.0000,2023-01-20T20:28:57.3239,webkit,605,,,,,16px,false,false,ios,16,1,,,,iphone,mobile,,sj_family_products_dangerous_goods,2.165625,693,true,portrait,320,57e2d0b16422ef9aea031e49b55e8c9b834bf7227314eb4cab0b1c73c929f1a4,622e96f94a327fd5e6bbc6923009ca2ca503ccec99cfc0b4ffceb693a38fc1c7
96cty,0.578051643192488,985,1704,firefox,landscape,1098,1704,108,0,,,,1,2147483647,4g,0,false,unknown,large,2023-01-20T00:00:00.0000,2023-01-20T22:47:23.3090,gecko,20100101,,,,,16px,false,false,macos,10,15,,,,"",desktop/laptop,,sj_family_products_dangerous_goods,0.625,1200,false,landscape,1920,b9ad84ab8f28455c3424252adb642c6f0eedb11cacfc358e9225d16533ba74a9,f5eddffd967c81cbc6e01de08d5d00c68e7b5ff0339b349e83c8edb6611c11f5
96cty,0.578051643192488,985,1704,firefox,landscape,1098,1704,108,0,,,,0,50,slow-2g,2000,false,unknown,large,2023-01-20T00:00:00.0000,2023-01-20T22:54:38.7569,gecko,20100101,,,,,16px,false,false,macos,10,15,,,,"",desktop/laptop,,sj_family_products_dangerous_goods,0.625,1200,false,landscape,1920,da4883089cea0e84d96419807b21f7e448439d7c67bedc7398b1fef165570116,f5eddffd967c81cbc6e01de08d5d00c68e7b5ff0339b349e83c8edb6611c11f5
cnnsn,0.47625,762,1600,microsoft edge,landscape,680,1280,108,0,1462,76,,10,2147483647,4g,50,false,unknown,large,2023-01-22T00:00:00.0000,2023-01-22T11:48:19.9019,blink,0,,,,,16px,false,false,windows,10,0,,,,"",desktop/laptop,,sj_family_products_dangerous_goods,0.5625,720,false,landscape,1280,47a11a44979fec267a5396fb35d81efdc71db5f9e516c55858be3cf22be28198,44f5d77885ab980175e00b94ed50c2a9400a50fada23c4662d7361b6760123f3
b7hsu,0.713125,1141,1600,microsoft edge,landscape,978,1274,109,0,1518,61,,10,2147483647,4g,0,false,unknown,large,2023-01-23T00:00:00.0000,2023-01-23T08:35:58.5980,blink,0,,,,,16px,false,false,windows,10,0,,,,"",desktop/laptop,,sj_family_products_dangerous_goods,0.8,1024,false,landscape,1280,e23b1874b6756881919502402d87b32638c16efcbf46c004ed64ff36c2427424,340ccf5ab3bb1e46cdc627deafcf12897df606a4b5567e18e63bcdb3307d0aec
0logb,0.497395833333333,955,1920,firefox,landscape,1056,1936,109,0,,,,0.525,700,3g,270,false,unknown,large,2023-01-23T00:00:00.0000,2023-01-23T10:19:25.2060,gecko,20100101,,,,,16px,false,false,windows,10,0,,,,"",desktop/laptop,,sj_family_products_dangerous_goods,0.5625,1080,false,landscape,1920,e2c0652633a310ce1025eba93262325b063df18111b390c8fcf60d548c723bbe,9b1ca96bbae1fe4cba8bb33ff1149226abef4ce80cf38370abd9bb264e0782a6
woas8,0.71796875,919,1280,microsoft edge,landscape,1024,1280,109,0,1518,61,,10,2147483647,4g,50,false,unknown,large,2023-01-23T00:00:00.0000,2023-01-23T11:08:25.9700,blink,0,,,,,15px,false,false,windows,10,0,,,,"",desktop/laptop,,sj_family_products_dangerous_goods,0.8,1024,false,landscape,1280,e35addc5ae3d0df21b1280199e6f6c2474a357ace00facf5627a4955ef879490,cd2049a431a517096f822c58ce0c4105ecb2c3f41e3581a1c96059a708a4a894
woas8,0.731730769230769,761,1040,microsoft edge,landscape,881,1056,109,0,1518,61,,10,2147483647,4g,50,false,unknown,large,2023-01-23T00:00:00.0000,2023-01-23T11:15:31.9930,blink,0,,,,,15px,false,false,windows,10,0,,,,"",desktop/laptop,,sj_family_products_dangerous_goods,0.8,1024,false,landscape,1280,e35addc5ae3d0df21b1280199e6f6c2474a357ace00facf5627a4955ef879490,cd2049a431a517096f822c58ce0c4105ecb2c3f41e3581a1c96059a708a4a894
woas8,0.71796875,919,1280,microsoft edge,landscape,1024,1280,109,0,1518,61,,10,2147483647,4g,50,false,unknown,large,2023-01-23T00:00:00.0000,2023-01-23T11:15:40.8919,blink,0,,,,,15px,false,false,windows,10,0,,,,"",desktop/laptop,,sj_family_products_dangerous_goods,0.8,1024,false,landscape,1280,e35addc5ae3d0df21b1280199e6f6c2474a357ace00facf5627a4955ef879490,cd2049a431a517096f822c58ce0c4105ecb2c3f41e3581a1c96059a708a4a894
cquwn,0.525555555555556,946,1800,chrome,landscape,858,1438,109,0,0,0,,4.5,2147483647,4g,100,false,unknown,large,2023-01-23T00:00:00.0000,2023-01-23T13:10:12.6019,blink,0,,,,,16px,false,false,windows,10,0,,,,"",desktop/laptop,,sj_family_products_dangerous_goods,0.625,900,false,landscape,1440,09a08e0528908b92870217414569a27e01fc1906408553394487d030ff0114df,00bcf71488e7d82c0496c0e34c554a81b0991b04a5faf524c242847f5b1d8970
ojc3o,0.488020833333333,937,1920,chrome,landscape,1034,1914,109,0,0,0,,10,2147483647,4g,50,false,unknown,large,2023-01-23T00:00:00.0000,2023-01-23T13:54:34.9489,blink,0,,,,,16px,false,false,windows,10,0,,,,"",desktop/laptop,,sj_family_products_dangerous_goods,0.5625,1080,false,landscape,1920,6db9d6ac438b42b4826280791c635c53fc334e6c41efd76924d69cddb14e83ed,e953400937ed43ec4c010f63af6464559e28bd0b2612622d3189e0c061b7f28a
ci3yq,0.54609375,699,1280,microsoft edge,landscape,770,1280,108,0,1462,76,,2.15,2147483647,4g,250,false,unknown,large,2023-01-23T00:00:00.0000,2023-01-23T15:44:11.5510,blink,0,,,,,16px,false,false,windows,10,0,,,,"",desktop/laptop,,sj_family_products_dangerous_goods,0.625,800,false,landscape,1280,e4d17cf90a53446d7a2bfff45349db290676073916f9a6a2e91ef426953702bf,e4d55512ecb4f6977c7197495bb2515ce0cd49f716216438c84d95e8e19f5baf
ci3yq,0.509895833333333,979,1920,microsoft edge,landscape,1044,1914,108,0,1462,76,,0.15,700,slow-2g,3000,false,unknown,large,2023-01-23T00:00:00.0000,2023-01-23T15:49:33.0060,blink,0,,,,,16px,false,false,windows,10,0,,,,"",desktop/laptop,,sj_family_products_dangerous_goods,0.5625,1080,false,landscape,1920,e4d17cf90a53446d7a2bfff45349db290676073916f9a6a2e91ef426953702bf,e4d55512ecb4f6977c7197495bb2515ce0cd49f716216438c84d95e8e19f5baf
w2y1f,0.476090014064698,677,1422,microsoft edge,landscape,680,1280,109,0,1518,61,,10,2147483647,4g,50,false,unknown,large,2023-01-23T00:00:00.0000,2023-01-23T15:56:10.4460,blink,0,,,,,16px,false,false,windows,10,0,,,,"",desktop/laptop,,sj_family_products_dangerous_goods,0.5625,720,false,landscape,1280,1b5f46cf89c31b9119131d57f2f20f2663f237071e44b2a2ab3fae37a9b67648,eb35379de61e848b0a5da3da84431434faaa44b7c1349851be9066f218395616
g2gpo,0.493917274939173,609,1233,microsoft edge,landscape,680,1280,109,0,1518,61,,3.7,2147483647,4g,50,false,unknown,large,2023-01-23T00:00:00.0000,2023-01-23T15:57:40.7799,blink,0,,,,,16px,false,false,windows,10,0,,,,"",desktop/laptop,,sj_family_products_dangerous_goods,0.5625,720,false,landscape,1280,eabffafca1571de3ea069f5669a26761167c5a3c53816791b2619c9d10c768d6,5e2eb607c979a1507819583930dd10a22e81d8f17b2b667d7f846a52c02646a5
8o0vx,0.520479520479521,1042,2002,microsoft edge,landscape,1110,2046,109,0,1518,55,,10,2147483647,4g,50,false,unknown,large,2023-01-23T00:00:00.0000,2023-01-23T16:02:31.2660,blink,0,,,,,16px,false,false,windows,10,0,,,,"",desktop/laptop,,sj_family_products_dangerous_goods,0.5625,1152,false,landscape,2048,7c62a4e969d483623767619cb96ab59355714d5a7f59a53082fcdd7156a53e0e,55092dcbdef353564631b8f6adb918a2ca4b5a35fbefbf0dd7a906a2d5ea644f
6slp2,0.493917274939173,609,1233,microsoft edge,landscape,680,1280,109,0,1518,61,,4.2,2147483647,4g,50,false,unknown,large,2023-01-23T00:00:00.0000,2023-01-23T16:08:46.9309,blink,0,,,,,16px,false,false,windows,10,0,,,,"",desktop/laptop,,sj_family_products_dangerous_goods,0.5625,720,false,landscape,1280,bc0049860809e9a1df892c58f25658726d97a7b5e96bd2d657e7acff82885ba9,5e2eb607c979a1507819583930dd10a22e81d8f17b2b667d7f846a52c02646a5
sle87,0.517059106198943,1076,2081,microsoft edge,landscape,1040,1920,109,0,1518,55,,10,2147483647,4g,50,false,unknown,large,2023-01-23T00:00:00.0000,2023-01-23T16:09:07.5260,blink,0,,,,,16px,false,false,windows,10,0,,,,"",desktop/laptop,,sj_family_products_dangerous_goods,0.5625,1080,false,landscape,1920,60c8c978b1f6ab3c3118a5751b9e192e5e74b8a0a7c7b2aff962991118171782,1888168b03e3b24a71ae44a1f3440fa07576831710df37a6b89b89945eb1fd89
x0gxz,0.776119402985075,988,1273,firefox,landscape,1123,1286,109,0,,,,3.025,2147483647,4g,0,false,unknown,large,2023-01-23T00:00:00.0000,2023-01-23T16:10:46.0769,gecko,20100101,,,,,16px,false,false,macos,10,15,,,,"",desktop/laptop,,sj_family_products_dangerous_goods,0.5625,1584,false,landscape,2816,fa2ee0e84f8f872941ca5f34b0681f7d37e061d805b48dc83c4336cef0c0f49f,80c21ea62e5c15e3d5f8e1cf9d8a7bd3b59ad4387cd96c9121fc18ffa563cfeb
x0gxz,0.616197183098592,1225,1988,firefox,landscape,1363,2008,109,0,,,,3.025,2147483647,4g,0,false,unknown,large,2023-01-23T00:00:00.0000,2023-01-23T16:10:48.0109,gecko,20100101,,,,,16px,false,false,macos,10,15,,,,"",desktop/laptop,,sj_family_products_dangerous_goods,0.5625,1584,false,landscape,2816,fa2ee0e84f8f872941ca5f34b0681f7d37e061d805b48dc83c4336cef0c0f49f,80c21ea62e5c15e3d5f8e1cf9d8a7bd3b59ad4387cd96c9121fc18ffa563cfeb
wqmq9,0.539880952380952,907,1680,microsoft edge,landscape,1008,1678,109,0,1518,61,,10,2147483647,4g,0,false,unknown,large,2023-01-23T00:00:00.0000,2023-01-23T16:10:49.3380,blink,0,,,,,16px,false,false,windows,10,0,,,,"",desktop/laptop,,sj_family_products_dangerous_goods,0.625,1050,false,landscape,1680,bd76155df610a76757f689202e18080bb652a8aa8d84935340fc3381987acc92,708d763e492a40d2af9807752562e9666fd0ef0fcd324a5ee48409c08a52ccc9
wqmq9,0.470052083333333,722,1536,microsoft edge,landscape,824,1536,109,0,1518,61,,10,2147483647,4g,50,false,unknown,large,2023-01-23T00:00:00.0000,2023-01-23T16:53:50.0039,blink,0,,,,,16px,false,false,windows,10,0,,,,"",desktop/laptop,,sj_family_products_dangerous_goods,0.5625,864,false,landscape,1536,bd76155df610a76757f689202e18080bb652a8aa8d84935340fc3381987acc92,708d763e492a40d2af9807752562e9666fd0ef0fcd324a5ee48409c08a52ccc9
9mdf7,0.470052083333333,722,1536,microsoft edge,landscape,824,1536,109,0,1518,61,,10,2147483647,4g,150,false,unknown,large,2023-01-23T00:00:00.0000,2023-01-23T18:31:27.2400,blink,0,,,,,16px,false,false,windows,10,0,,,,"",desktop/laptop,,sj_family_products_dangerous_goods,0.5625,864,false,landscape,1536,c4196c514bb391a2647e5810824d2b615d9cdc7363fdbc2a6aa81a8fbe0e4e9c,21802408204dd13f22e70359876645e6b1ac143b9b2a588c99ffce993d29d534
c6qm2,0.490885416666667,754,1536,chrome,landscape,824,1536,109,0,0,0,,10,2147483647,4g,100,false,unknown,large,2023-01-23T00:00:00.0000,2023-01-23T19:10:04.0450,blink,0,,,,,16px,false,false,windows,10,0,,,,"",desktop/laptop,,sj_family_products_dangerous_goods,0.5625,864,false,landscape,1536,3e6262315f153255e304646e9159bb87c5c13ed35d4bd609738c1b71f848bed4,6fddd568a7a23843713d6ed529ef99d9995d703148a5174c663d8776acae90e5
g532a,0.611851851851852,826,1350,chrome,landscape,912,1363,109,0,0,0,,5,2147483647,4g,100,false,unknown,large,2023-01-23T00:00:00.0000,2023-01-23T20:57:18.2730,blink,0,,,,,16px,false,false,windows,10,0,,,,"",desktop/laptop,,sj_family_products_dangerous_goods,0.625,960,false,landscape,1536,34afc1a0b5002c57528fbcb59b50ccced814eca6258bfe6072d77390e7aeeda5,94a0d925f7873289a4e99d030c5dfd9e86e134f82960aa12123625a0cf55871f
67rpw,0.500266951414842,937,1873,microsoft edge,landscape,1034,1914,109,0,1518,61,,1.65,2147483647,4g,50,false,unknown,large,2023-01-24T00:00:00.0000,2023-01-24T09:59:34.9790,blink,0,,,,,16px,false,false,windows,10,0,,,,"",desktop/laptop,,sj_family_products_dangerous_goods,0.5625,1080,false,landscape,1920,6b0b3653010436d84ed975445eea41534730159b54fe2da545a7384417e0f171,64f4fd7efe70c6e7187bb44f3c628cff723344f4d96219d1ad72244b60d3d61e
nu2j2,0.575015309246785,939,1633,microsoft edge,landscape,1010,1680,109,0,1518,61,,10,2147483647,4g,0,false,unknown,large,2023-01-24T00:00:00.0000,2023-01-24T10:55:01.7269,blink,0,,,,,16px,false,false,windows,10,0,,,,"",desktop/laptop,,sj_family_products_dangerous_goods,0.625,1050,false,landscape,1680,e46cbe29f7610b31f497ffc0abe23b37c278ddbc293874c1b8e8ba65f12bf287,bd1fb5460fe978ac97938f029be40b853e79998eefdfaaa8631fd3caabb0812b
0t2nf,0.493746277546158,829,1679,chrome,landscape,940,1679,109,0,0,0,,10,2147483647,4g,50,false,unknown,large,2023-01-24T00:00:00.0000,2023-01-24T11:53:28.6800,blink,0,,,,,16px,false,false,macos,10,15,,,,"",desktop/laptop,,sj_family_products_dangerous_goods,0.625,1050,false,landscape,1680,adcfb512a310f4efcdf153a44b9521b10802ccb6c95a1cd7d17390f87c3a0d0b,0ca08c21e853c719826f026d0655ada5b2f1cb7c96623ec75516fd0af4c17da1
si0us,0.734013605442177,1079,1470,chrome,landscape,1190,1470,109,0,0,0,,10,2147483647,4g,0,false,unknown,large,2023-01-24T00:00:00.0000,2023-01-24T16:04:24.4300,blink,0,,,,,16px,false,false,macos,10,15,,,,"",desktop/laptop,,sj_family_products_dangerous_goods,0.5625,1440,false,landscape,2560,c96a935b8a0a33510de6d89fef610652751e087705008830ec73dd597fb23238,f819ef37f799e75d9e32d8c194df6c97e7d4099f57bff74f9cd41f7723d4242a
si0us,0.731525423728814,1079,1475,chrome,landscape,1190,1475,109,0,0,0,,10,2147483647,4g,0,false,unknown,large,2023-01-24T00:00:00.0000,2023-01-24T16:13:33.3259,blink,0,,,,,16px,false,false,macos,10,15,,,,"",desktop/laptop,,sj_family_products_dangerous_goods,0.5625,1440,false,landscape,2560,c96a935b8a0a33510de6d89fef610652751e087705008830ec73dd597fb23238,f819ef37f799e75d9e32d8c194df6c97e7d4099f57bff74f9cd41f7723d4242a
80vqi,0.579500657030223,882,1522,chrome,landscape,961,1522,108,0,0,0,,10,2147483647,4g,50,false,unknown,large,2023-01-24T00:00:00.0000,2023-01-24T17:09:11.4709,blink,0,,,,,16px,false,false,macos,10,15,,,,"",desktop/laptop,,sj_family_products_dangerous_goods,0.418604651162791,1440,false,landscape,3440,9786c6e01e60ae13f9098f63a211a1134fe2ccbf0dca0a43d1995e4c091e745a,adecfaaa9f06944de6d303057a946282273b5d7acd93ba6a4c356dc7da7abd93
cj7m8,0.484251968503937,738,1524,chrome,landscape,824,1539,107,0,0,0,,10,2147483647,4g,50,false,unknown,large,2023-01-24T00:00:00.0000,2023-01-24T20:10:49.2219,blink,0,,,,,16px,false,false,windows,10,0,,,,"",desktop/laptop,,sj_family_products_dangerous_goods,0.5625,864,false,landscape,1536,6855951bd1ac44cacb8d65ea5ed3148878942dddf03385df7f34700bfb0aeb1b,219b92b619072de32207cf08776c85f2f57aaf6bfa90d3d6d65cd554685debb9
cnnsn,0.47625,762,1600,microsoft edge,landscape,680,1280,108,0,1462,76,,10,2147483647,4g,50,false,unknown,large,2023-01-25T00:00:00.0000,2023-01-25T16:35:37.2200,blink,0,,,,,16px,false,false,windows,10,0,,,,"",desktop/laptop,,sj_family_products_dangerous_goods,0.5625,720,false,landscape,1280,f7e6151e755c25bdcf1dde41c6d4868d0f6d3aeae7d023ffb4d4feb9c56d6477,44f5d77885ab980175e00b94ed50c2a9400a50fada23c4662d7361b6760123f3
bbot4,0.47625,762,1600,microsoft edge,landscape,680,1280,108,0,1462,76,,9.3,2147483647,4g,50,false,unknown,large,2023-01-25T00:00:00.0000,2023-01-25T16:36:42.0799,blink,0,,,,,16px,false,false,windows,10,0,,,,"",desktop/laptop,,sj_family_products_dangerous_goods,0.5625,720,false,landscape,1280,89e0ee30d58c10015ad3e22c62af4c51fd2502106fbb7250772547875dc8a255,44f5d77885ab980175e00b94ed50c2a9400a50fada23c4662d7361b6760123f3
e9bnt,0.484563758389262,722,1490,microsoft edge,landscape,824,1536,109,0,1518,55,,10,2147483647,4g,50,false,unknown,large,2023-01-25T00:00:00.0000,2023-01-25T17:38:07.3819,blink,0,,,,,16px,false,false,windows,10,0,,,,"",desktop/laptop,,sj_family_products_dangerous_goods,0.5625,864,false,landscape,1536,64cea74ec5544aa0e2b1e298bf3862f6d983a3b2fecaf224f35e63b0eb7bc42b,7b7610778cd821d3626f47f514808069660366285052c1e941a441715645d54b
52nzy,0.473295454545455,833,1760,firefox,landscape,953,1760,109,0,,,,0.825,2147483647,4g,0,false,unknown,large,2023-01-25T00:00:00.0000,2023-01-25T20:06:54.0329,gecko,20100101,,,,,16px,false,false,windows,10,0,,,,"",desktop/laptop,,sj_family_products_dangerous_goods,0.5625,990,false,landscape,1760,61ee91fe4dbb3b92d2a98be1b1f5a18f78751323062e24a580faf2b21396d9c5,d25e07827f3feda516cbc7b1b36d34a4061f357395576fc85b1526076bcd18fb
52nzy,0.640769230769231,833,1300,firefox,landscape,953,1760,109,0,,,,0.975,2147483647,4g,0,false,unknown,large,2023-01-25T00:00:00.0000,2023-01-25T20:07:28.1489,gecko,20100101,,,,,16px,false,false,windows,10,0,,,,"",desktop/laptop,,sj_family_products_dangerous_goods,0.5625,990,false,landscape,1760,61ee91fe4dbb3b92d2a98be1b1f5a18f78751323062e24a580faf2b21396d9c5,d25e07827f3feda516cbc7b1b36d34a4061f357395576fc85b1526076bcd18fb
0ejtp,0.46484375,595,1280,firefox,landscape,695,1295,109,0,,,,2.625,2147483647,4g,0,false,unknown,large,2023-01-26T00:00:00.0000,2023-01-26T11:09:21.8719,gecko,20100101,,,,,16px,false,false,windows,10,0,,,,"",desktop/laptop,,sj_family_products_dangerous_goods,0.5625,720,false,landscape,1280,89f75315da38861f367b2317d58eb1c831de5a3ad20ca7554e4d1590efbe4250,8c6976e5b5410415bde908bd4dee15dfb167a9c873fc4bb8a81f6f2ab448a918
0ejtp,0.1,128,1280,firefox,landscape,695,1295,109,0,,,,2.625,2147483647,4g,0,false,unknown,large,2023-01-26T00:00:00.0000,2023-01-26T11:09:36.7339,gecko,20100101,,,,,16px,false,false,windows,10,0,,,,"",desktop/laptop,,sj_family_products_dangerous_goods,0.5625,720,false,landscape,1280,89f75315da38861f367b2317d58eb1c831de5a3ad20ca7554e4d1590efbe4250,8c6976e5b5410415bde908bd4dee15dfb167a9c873fc4bb8a81f6f2ab448a918
0ejtp,0.2140625,274,1280,firefox,landscape,695,1295,109,0,,,,2.625,2147483647,4g,0,false,unknown,large,2023-01-26T00:00:00.0000,2023-01-26T11:10:09.7060,gecko,20100101,,,,,16px,false,false,windows,10,0,,,,"",desktop/laptop,,sj_family_products_dangerous_goods,0.5625,720,false,landscape,1280,89f75315da38861f367b2317d58eb1c831de5a3ad20ca7554e4d1590efbe4250,8c6976e5b5410415bde908bd4dee15dfb167a9c873fc4bb8a81f6f2ab448a918
0ejtp,0.3140625,402,1280,firefox,landscape,695,1295,109,0,,,,2.725,2147483647,4g,0,false,unknown,large,2023-01-26T00:00:00.0000,2023-01-26T11:13:03.2780,gecko,20100101,,,,,16px,false,false,windows,10,0,,,,"",desktop/laptop,,sj_family_products_dangerous_goods,0.5625,720,false,landscape,1280,89f75315da38861f367b2317d58eb1c831de5a3ad20ca7554e4d1590efbe4250,8c6976e5b5410415bde908bd4dee15dfb167a9c873fc4bb8a81f6f2ab448a918
0ejtp,0.46484375,595,1280,firefox,landscape,695,1295,109,0,,,,2.725,2147483647,4g,0,false,unknown,large,2023-01-26T00:00:00.0000,2023-01-26T11:13:20.5139,gecko,20100101,,,,,16px,false,false,windows,10,0,,,,"",desktop/laptop,,sj_family_products_dangerous_goods,0.5625,720,false,landscape,1280,89f75315da38861f367b2317d58eb1c831de5a3ad20ca7554e4d1590efbe4250,8c6976e5b5410415bde908bd4dee15dfb167a9c873fc4bb8a81f6f2ab448a918
0ejtp,0.3140625,402,1280,firefox,landscape,695,1295,109,0,,,,5.175,2147483647,4g,0,false,unknown,large,2023-01-26T00:00:00.0000,2023-01-26T11:14:51.8440,gecko,20100101,,,,,16px,false,false,windows,10,0,,,,"",desktop/laptop,,sj_family_products_dangerous_goods,0.5625,720,false,landscape,1280,89f75315da38861f367b2317d58eb1c831de5a3ad20ca7554e4d1590efbe4250,8c6976e5b5410415bde908bd4dee15dfb167a9c873fc4bb8a81f6f2ab448a918
0ejtp,0.125,160,1280,firefox,landscape,695,1295,109,0,,,,5.175,2147483647,4g,0,false,unknown,large,2023-01-26T00:00:00.0000,2023-01-26T11:15:02.5239,gecko,20100101,,,,,16px,false,false,windows,10,0,,,,"",desktop/laptop,,sj_family_products_dangerous_goods,0.5625,720,false,landscape,1280,89f75315da38861f367b2317d58eb1c831de5a3ad20ca7554e4d1590efbe4250,8c6976e5b5410415bde908bd4dee15dfb167a9c873fc4bb8a81f6f2ab448a918
0ejtp,0.2078125,266,1280,firefox,landscape,695,1295,109,0,,,,5.175,2147483647,4g,0,false,unknown,large,2023-01-26T00:00:00.0000,2023-01-26T11:15:23.7400,gecko,20100101,,,,,16px,false,false,windows,10,0,,,,"",desktop/laptop,,sj_family_products_dangerous_goods,0.5625,720,false,landscape,1280,89f75315da38861f367b2317d58eb1c831de5a3ad20ca7554e4d1590efbe4250,8c6976e5b5410415bde908bd4dee15dfb167a9c873fc4bb8a81f6f2ab448a918
0ejtp,0.1859375,238,1280,firefox,landscape,695,1295,109,0,,,,5.175,2147483647,4g,0,false,unknown,large,2023-01-26T00:00:00.0000,2023-01-26T11:15:26.5380,gecko,20100101,,,,,16px,false,false,windows,10,0,,,,"",desktop/laptop,,sj_family_products_dangerous_goods,0.5625,720,false,landscape,1280,89f75315da38861f367b2317d58eb1c831de5a3ad20ca7554e4d1590efbe4250,8c6976e5b5410415bde908bd4dee15dfb167a9c873fc4bb8a81f6f2ab448a918
0ejtp,0.2078125,266,1280,firefox,landscape,695,1295,109,0,,,,5.175,2147483647,4g,0,false,unknown,large,2023-01-26T00:00:00.0000,2023-01-26T11:18:32.5460,gecko,20100101,,,,,16px,false,false,windows,10,0,,,,"",desktop/laptop,,sj_family_products_dangerous_goods,0.5625,720,false,landscape,1280,89f75315da38861f367b2317d58eb1c831de5a3ad20ca7554e4d1590efbe4250,8c6976e5b5410415bde908bd4dee15dfb167a9c873fc4bb8a81f6f2ab448a918
0ejtp,0.46484375,595,1280,firefox,landscape,695,1295,109,0,,,,5.175,2147483647,4g,0,false,unknown,large,2023-01-26T00:00:00.0000,2023-01-26T11:27:16.1040,gecko,20100101,,,,,16px,false,false,windows,10,0,,,,"",desktop/laptop,,sj_family_products_dangerous_goods,0.5625,720,false,landscape,1280,89f75315da38861f367b2317d58eb1c831de5a3ad20ca7554e4d1590efbe4250,8c6976e5b5410415bde908bd4dee15dfb167a9c873fc4bb8a81f6f2ab448a918
cr9oy,0.488020833333333,937,1920,chrome,landscape,1040,1920,108,0,0,0,,10,2147483647,4g,50,false,unknown,large,2023-01-26T00:00:00.0000,2023-01-26T13:30:32.8580,blink,0,,,,,16px,false,false,windows,10,0,,,,"",desktop/laptop,,sj_family_products_dangerous_goods,0.5625,1080,false,landscape,1920,dc92481f754e503b03107ada8437472257a883451473a31f0f2a2198b73c9691,fc091848419422e3601329bb0761be5fcaf1bf9226b95180f081a12532e3917c
cr9oy,0.607661822985469,920,1514,chrome,landscape,1040,1530,108,0,0,0,,10,2147483647,4g,50,false,unknown,large,2023-01-26T00:00:00.0000,2023-01-26T14:27:16.2520,blink,0,,,,,16px,false,false,windows,10,0,,,,"",desktop/laptop,,sj_family_products_dangerous_goods,0.421875,1080,false,landscape,2560,dc92481f754e503b03107ada8437472257a883451473a31f0f2a2198b73c9691,fc091848419422e3601329bb0761be5fcaf1bf9226b95180f081a12532e3917c
cr9oy,0.888030888030888,920,1036,chrome,landscape,1040,1052,108,0,0,0,,10,2147483647,4g,50,false,unknown,large,2023-01-26T00:00:00.0000,2023-01-26T14:27:16.5629,blink,0,,,,,16px,false,false,windows,10,0,,,,"",desktop/laptop,,sj_family_products_dangerous_goods,0.421875,1080,false,landscape,2560,dc92481f754e503b03107ada8437472257a883451473a31f0f2a2198b73c9691,fc091848419422e3601329bb0761be5fcaf1bf9226b95180f081a12532e3917c
cr9oy,0.786324786324786,920,1170,chrome,landscape,1040,1186,108,0,0,0,,10,2147483647,4g,50,false,unknown,large,2023-01-26T00:00:00.0000,2023-01-26T14:27:16.8329,blink,0,,,,,16px,false,false,windows,10,0,,,,"",desktop/laptop,,sj_family_products_dangerous_goods,0.421875,1080,false,landscape,2560,dc92481f754e503b03107ada8437472257a883451473a31f0f2a2198b73c9691,fc091848419422e3601329bb0761be5fcaf1bf9226b95180f081a12532e3917c
cr9oy,0.765391014975042,920,1202,chrome,landscape,1040,1218,108,0,0,0,,10,2147483647,4g,50,false,unknown,large,2023-01-26T00:00:00.0000,2023-01-26T14:27:17.1349,blink,0,,,,,16px,false,false,windows,10,0,,,,"",desktop/laptop,,sj_family_products_dangerous_goods,0.421875,1080,false,landscape,2560,dc92481f754e503b03107ada8437472257a883451473a31f0f2a2198b73c9691,fc091848419422e3601329bb0761be5fcaf1bf9226b95180f081a12532e3917c
cr9oy,0.77116512992456,920,1193,chrome,landscape,1040,1209,108,0,0,0,,10,2147483647,4g,50,false,unknown,large,2023-01-26T00:00:00.0000,2023-01-26T14:27:17.4189,blink,0,,,,,16px,false,false,windows,10,0,,,,"",desktop/laptop,,sj_family_products_dangerous_goods,0.421875,1080,false,landscape,2560,dc92481f754e503b03107ada8437472257a883451473a31f0f2a2198b73c9691,fc091848419422e3601329bb0761be5fcaf1bf9226b95180f081a12532e3917c
cr9oy,0.779000846740051,920,1181,chrome,landscape,1040,1197,108,0,0,0,,10,2147483647,4g,50,false,unknown,large,2023-01-26T00:00:00.0000,2023-01-26T14:27:17.7109,blink,0,,,,,16px,false,false,windows,10,0,,,,"",desktop/laptop,,sj_family_products_dangerous_goods,0.421875,1080,false,landscape,2560,dc92481f754e503b03107ada8437472257a883451473a31f0f2a2198b73c9691,fc091848419422e3601329bb0761be5fcaf1bf9226b95180f081a12532e3917c
cr9oy,0.750407830342578,920,1226,chrome,landscape,1040,1242,108,0,0,0,,10,2147483647,4g,50,false,unknown,large,2023-01-26T00:00:00.0000,2023-01-26T14:27:18.0020,blink,0,,,,,16px,false,false,windows,10,0,,,,"",desktop/laptop,,sj_family_products_dangerous_goods,0.421875,1080,false,landscape,2560,dc92481f754e503b03107ada8437472257a883451473a31f0f2a2198b73c9691,fc091848419422e3601329bb0761be5fcaf1bf9226b95180f081a12532e3917c
cr9oy,0.465822784810127,920,1975,chrome,landscape,1040,1991,108,0,0,0,,10,2147483647,4g,50,false,unknown,large,2023-01-26T00:00:00.0000,2023-01-26T14:27:18.3010,blink,0,,,,,16px,false,false,windows,10,0,,,,"",desktop/laptop,,sj_family_products_dangerous_goods,0.421875,1080,false,landscape,2560,dc92481f754e503b03107ada8437472257a883451473a31f0f2a2198b73c9691,fc091848419422e3601329bb0761be5fcaf1bf9226b95180f081a12532e3917c
cr9oy,0.312989045383412,400,1278,chrome,landscape,520,1294,108,0,0,0,,10,2147483647,4g,50,false,unknown,large,2023-01-26T00:00:00.0000,2023-01-26T14:27:18.6089,blink,0,,,,,16px,false,false,windows,10,0,,,,"",desktop/laptop,,sj_family_products_dangerous_goods,0.421875,1080,false,landscape,2560,dc92481f754e503b03107ada8437472257a883451473a31f0f2a2198b73c9691,fc091848419422e3601329bb0761be5fcaf1bf9226b95180f081a12532e3917c
cr9oy,0.465822784810127,920,1975,chrome,landscape,1040,1991,108,0,0,0,,10,2147483647,4g,50,false,unknown,large,2023-01-26T00:00:00.0000,2023-01-26T14:27:18.9010,blink,0,,,,,16px,false,false,windows,10,0,,,,"",desktop/laptop,,sj_family_products_dangerous_goods,0.5625,1080,false,landscape,1920,dc92481f754e503b03107ada8437472257a883451473a31f0f2a2198b73c9691,fc091848419422e3601329bb0761be5fcaf1bf9226b95180f081a12532e3917c
cr9oy,0.488020833333333,937,1920,chrome,landscape,1040,1920,108,0,0,0,,10,2147483647,4g,50,false,unknown,large,2023-01-26T00:00:00.0000,2023-01-26T14:27:19.1749,blink,0,,,,,16px,false,false,windows,10,0,,,,"",desktop/laptop,,sj_family_products_dangerous_goods,0.5625,1080,false,landscape,1920,dc92481f754e503b03107ada8437472257a883451473a31f0f2a2198b73c9691,fc091848419422e3601329bb0761be5fcaf1bf9226b95180f081a12532e3917c
wydjr,0.623643632210166,1092,1751,firefox,landscape,1205,1751,109,0,,,,1.9,2147483647,4g,0,false,unknown,large,2023-01-30T00:00:00.0000,2023-01-30T16:23:05.1019,gecko,20100101,,,,,16px,false,false,macos,10,15,,,,"",desktop/laptop,,sj_family_products_dangerous_goods,0.5625,1440,false,landscape,2560,b959fbf64e97459dd22f4fc9de3608953ecb3eb79d4241c372c8b2a6b9e17681,d63ceef167e6b734128680c95b99b4431843417a5efee538b9a3c50d9d563613
0ejtp,0.46484375,595,1280,firefox,landscape,695,1295,109,0,,,,1.925,2147483647,4g,0,false,unknown,large,2023-01-31T00:00:00.0000,2023-01-31T12:30:58.9979,gecko,20100101,,,,,16px,false,false,windows,10,0,,,,"",desktop/laptop,,sj_family_products_dangerous_goods,0.5625,720,false,landscape,1280,eeec211afc309b1ef717ecd1a6e8bb88ca7bff561019c9bf741ece3d8c3539c7,8c6976e5b5410415bde908bd4dee15dfb167a9c873fc4bb8a81f6f2ab448a918
0ejtp,0.46484375,595,1280,firefox,landscape,695,1295,109,0,,,,0.7,700,3g,270,false,unknown,large,2023-02-10T00:00:00.0000,2023-02-10T10:37:16.0550,gecko,20100101,,,,,16px,false,false,windows,10,0,,,,"",desktop/laptop,,sj_family_products_dangerous_goods,0.5625,720,false,landscape,1280,6e0c563985b5e752d2958b3233080f4b3e537f5e3137dc282e77f31133603ffa,8c6976e5b5410415bde908bd4dee15dfb167a9c873fc4bb8a81f6f2ab448a918
0ejtp,0.2078125,266,1280,firefox,landscape,695,1295,109,0,,,,2.4,2147483647,4g,0,false,unknown,large,2023-02-10T00:00:00.0000,2023-02-10T10:43:11.9660,gecko,20100101,,,,,16px,false,false,windows,10,0,,,,"",desktop/laptop,,sj_family_products_dangerous_goods,0.5625,720,false,landscape,1280,6e0c563985b5e752d2958b3233080f4b3e537f5e3137dc282e77f31133603ffa,8c6976e5b5410415bde908bd4dee15dfb167a9c873fc4bb8a81f6f2ab448a918
0ejtp,0.1890625,242,1280,firefox,landscape,695,1295,109,0,,,,2.4,2147483647,4g,0,false,unknown,large,2023-02-10T00:00:00.0000,2023-02-10T10:43:19.2170,gecko,20100101,,,,,16px,false,false,windows,10,0,,,,"",desktop/laptop,,sj_family_products_dangerous_goods,0.5625,720,false,landscape,1280,6e0c563985b5e752d2958b3233080f4b3e537f5e3137dc282e77f31133603ffa,8c6976e5b5410415bde908bd4dee15dfb167a9c873fc4bb8a81f6f2ab448a918
0ejtp,0.1671875,214,1280,firefox,landscape,695,1295,109,0,,,,2.4,2147483647,4g,0,false,unknown,large,2023-02-10T00:00:00.0000,2023-02-10T11:15:44.6659,gecko,20100101,,,,,16px,false,false,windows,10,0,,,,"",desktop/laptop,,sj_family_products_dangerous_goods,0.5625,720,false,landscape,1280,6e0c563985b5e752d2958b3233080f4b3e537f5e3137dc282e77f31133603ffa,8c6976e5b5410415bde908bd4dee15dfb167a9c873fc4bb8a81f6f2ab448a918
0ejtp,0.1890625,242,1280,firefox,landscape,695,1295,109,0,,,,2.4,2147483647,4g,0,false,unknown,large,2023-02-10T00:00:00.0000,2023-02-10T12:24:29.0179,gecko,20100101,,,,,16px,false,false,windows,10,0,,,,"",desktop/laptop,,sj_family_products_dangerous_goods,0.5625,720,false,landscape,1280,6e0c563985b5e752d2958b3233080f4b3e537f5e3137dc282e77f31133603ffa,8c6976e5b5410415bde908bd4dee15dfb167a9c873fc4bb8a81f6f2ab448a918
0ejtp,0.46484375,595,1280,firefox,landscape,695,1295,109,0,,,,0,50,slow-2g,2000,false,unknown,large,2023-02-10T00:00:00.0000,2023-02-10T15:34:15.4549,gecko,20100101,,,,,16px,false,false,windows,10,0,,,,"",desktop/laptop,,sj_family_products_dangerous_goods,0.5625,720,false,landscape,1280,3feeb5031f8e1da6b49229ab65eb9331ff00d427cc6167c9d965bd70ac455d9c,8c6976e5b5410415bde908bd4dee15dfb167a9c873fc4bb8a81f6f2ab448a918
mh7m6,0.1890625,242,1280,firefox,landscape,695,1295,109,0,,,,1.6,2147483647,4g,0,false,unknown,large,2023-02-14T00:00:00.0000,2023-02-14T13:09:36.8810,gecko,20100101,,,,,16px,false,false,windows,10,0,,,,"",desktop/laptop,,sj_family_products_dangerous_goods,0.5625,720,false,landscape,1280,e8ca66c1850deea3c9eaeaaced403080227d768a66b612c27ca6cd35dec9e0e4,03816a838f2f2a7b28a20c93a99db4a7ad7d148de927401121ad190c717c33a1
mh7m6,0.1671875,214,1280,firefox,landscape,695,1295,109,0,,,,1.6,2147483647,4g,0,false,unknown,large,2023-02-14T00:00:00.0000,2023-02-14T15:05:42.8870,gecko,20100101,,,,,16px,false,false,windows,10,0,,,,"",desktop/laptop,,sj_family_products_dangerous_goods,0.5625,720,false,landscape,1280,e8ca66c1850deea3c9eaeaaced403080227d768a66b612c27ca6cd35dec9e0e4,03816a838f2f2a7b28a20c93a99db4a7ad7d148de927401121ad190c717c33a1
mh7m6,0.1890625,242,1280,firefox,landscape,695,1295,109,0,,,,1.6,2147483647,4g,0,false,unknown,large,2023-02-14T00:00:00.0000,2023-02-14T15:33:31.8540,gecko,20100101,,,,,16px,false,false,windows,10,0,,,,"",desktop/laptop,,sj_family_products_dangerous_goods,0.5625,720,false,landscape,1280,e8ca66c1850deea3c9eaeaaced403080227d768a66b612c27ca6cd35dec9e0e4,03816a838f2f2a7b28a20c93a99db4a7ad7d148de927401121ad190c717c33a1
0ejtp,0.46484375,595,1280,firefox,landscape,695,1295,110,0,,,,2.15,2147483647,4g,0,false,unknown,large,2023-03-14T00:00:00.0000,2023-03-14T10:09:08.4400,gecko,20100101,,,,,16px,false,false,windows,10,0,,,,"",desktop/laptop,,sj_family_products_dangerous_goods,0.5625,720,false,landscape,1280,a6c991c5c730b983d8b96eeac0e5a82093265c55bdf1fd33004d96f34f181289,8c6976e5b5410415bde908bd4dee15dfb167a9c873fc4bb8a81f6f2ab448a918
0ejtp,0.46484375,595,1280,firefox,landscape,695,1295,110,0,,,,7,2147483647,4g,0,false,unknown,large,2023-03-14T00:00:00.0000,2023-03-14T11:13:28.9979,gecko,20100101,,,,,16px,false,false,windows,10,0,,,,"",desktop/laptop,,sj_family_products_dangerous_goods,0.5625,720,false,landscape,1280,a6c991c5c730b983d8b96eeac0e5a82093265c55bdf1fd33004d96f34f181289,8c6976e5b5410415bde908bd4dee15dfb167a9c873fc4bb8a81f6f2ab448a918
0ejtp,0.46484375,595,1280,firefox,landscape,695,1295,110,0,,,,0,50,slow-2g,2000,false,unknown,large,2023-03-15T00:00:00.0000,2023-03-15T14:12:15.3710,gecko,20100101,,,,,16px,false,false,windows,10,0,,,,"",desktop/laptop,,sj_family_products_dangerous_goods,0.5625,720,false,landscape,1280,9aa1c1ee52fe620aed696a1d0a710aabd4c017af4e4c10610957d9e8e5ab1e0c,8c6976e5b5410415bde908bd4dee15dfb167a9c873fc4bb8a81f6f2ab448a918
t59va,0.465198863636364,655,1408,firefox,landscape,772,1439,113,0,,,,4.25,2147483647,4g,0,false,unknown,large,2023-06-05T00:00:00.0000,2023-06-05T10:49:19.4549,gecko,20100101,,,,,16px,false,false,windows,10,0,,,,"",desktop/laptop,,sj_family_products_dangerous_goods,0.5625,792,false,landscape,1408,295252bf88ab40e2bba7ecfe6c93b2c4280f9f35ff1e7705c3f0e49169e0333c,3e63264e969211153630003042862a0011f6f959d3b01ca2f7155667b07734e0
gdkj2,0.465198863636364,655,1408,firefox,landscape,772,1439,113,0,,,,1.6,2147483647,4g,0,false,unknown,large,2023-06-05T00:00:00.0000,2023-06-05T10:50:21.5039,gecko,20100101,,,,,16px,false,false,windows,10,0,,,,"",desktop/laptop,,sj_family_products_dangerous_goods,0.5625,792,false,landscape,1408,8431e6468064b84b7dec5dfa2466d3d3d2eea5716adc00d442d72d9d8b42065b,3e63264e969211153630003042862a0011f6f959d3b01ca2f7155667b07734e0
gdkj2,0.497632575757576,1051,2112,firefox,landscape,1173,2151,113,0,,,,3.6,2147483647,4g,0,false,unknown,large,2023-06-05T00:00:00.0000,2023-06-05T13:57:07.1489,gecko,20100101,,,,,16px,false,false,windows,10,0,,,,"",desktop/laptop,,sj_family_products_dangerous_goods,0.5625,1188,false,landscape,2112,8431e6468064b84b7dec5dfa2466d3d3d2eea5716adc00d442d72d9d8b42065b,3e63264e969211153630003042862a0011f6f959d3b01ca2f7155667b07734e0
gdkj2,0.482954545454546,1020,2112,firefox,landscape,1173,2151,113,0,,,,3.6,2147483647,4g,0,false,unknown,large,2023-06-05T00:00:00.0000,2023-06-05T14:01:12.7320,gecko,20100101,,,,,16px,false,false,windows,10,0,,,,"",desktop/laptop,,sj_family_products_dangerous_goods,0.5625,1188,false,landscape,2112,8431e6468064b84b7dec5dfa2466d3d3d2eea5716adc00d442d72d9d8b42065b,3e63264e969211153630003042862a0011f6f959d3b01ca2f7155667b07734e0
gdkj2,0.497632575757576,1051,2112,firefox,landscape,1173,2151,113,0,,,,3.6,2147483647,4g,0,false,unknown,large,2023-06-05T00:00:00.0000,2023-06-05T16:16:14.3350,gecko,20100101,,,,,16px,false,false,windows,10,0,,,,"",desktop/laptop,,sj_family_products_dangerous_goods,0.5625,1188,false,landscape,2112,8431e6468064b84b7dec5dfa2466d3d3d2eea5716adc00d442d72d9d8b42065b,3e63264e969211153630003042862a0011f6f959d3b01ca2f7155667b07734e0
gdkj2,0.482954545454546,1020,2112,firefox,landscape,1173,2151,113,0,,,,3.6,2147483647,4g,0,false,unknown,large,2023-06-06T00:00:00.0000,2023-06-06T08:54:08.6870,gecko,20100101,,,,,16px,false,false,windows,10,0,,,,"",desktop/laptop,,sj_family_products_dangerous_goods,0.5625,1188,false,landscape,2112,8431e6468064b84b7dec5dfa2466d3d3d2eea5716adc00d442d72d9d8b42065b,3e63264e969211153630003042862a0011f6f959d3b01ca2f7155667b07734e0
gdkj2,0.497632575757576,1051,2112,firefox,landscape,1173,2151,113,0,,,,3.6,2147483647,4g,0,false,unknown,large,2023-06-06T00:00:00.0000,2023-06-06T08:54:40.5490,gecko,20100101,,,,,16px,false,false,windows,10,0,,,,"",desktop/laptop,,sj_family_products_dangerous_goods,0.5625,1188,false,landscape,2112,8431e6468064b84b7dec5dfa2466d3d3d2eea5716adc00d442d72d9d8b42065b,3e63264e969211153630003042862a0011f6f959d3b01ca2f7155667b07734e0
gdkj2,0.482954545454546,1020,2112,firefox,landscape,1173,2151,113,0,,,,3.6,2147483647,4g,0,false,unknown,large,2023-06-06T00:00:00.0000,2023-06-06T12:22:48.0190,gecko,20100101,,,,,16px,false,false,windows,10,0,,,,"",desktop/laptop,,sj_family_products_dangerous_goods,0.5625,1188,false,landscape,2112,8431e6468064b84b7dec5dfa2466d3d3d2eea5716adc00d442d72d9d8b42065b,3e63264e969211153630003042862a0011f6f959d3b01ca2f7155667b07734e0
gdkj2,0.497632575757576,1051,2112,firefox,landscape,1173,2151,113,0,,,,3.6,2147483647,4g,0,false,unknown,large,2023-06-06T00:00:00.0000,2023-06-06T12:23:05.9709,gecko,20100101,,,,,16px,false,false,windows,10,0,,,,"",desktop/laptop,,sj_family_products_dangerous_goods,0.5625,1188,false,landscape,2112,8431e6468064b84b7dec5dfa2466d3d3d2eea5716adc00d442d72d9d8b42065b,3e63264e969211153630003042862a0011f6f959d3b01ca2f7155667b07734e0
gdkj2,0.496448863636364,699,1408,firefox,landscape,812,1434,113,0,,,,3.6,2147483647,4g,0,false,unknown,large,2023-06-07T00:00:00.0000,2023-06-07T08:04:57.4470,gecko,20100101,,,,,16px,false,false,windows,10,0,,,,"",desktop/laptop,,sj_family_products_dangerous_goods,0.5625,792,false,landscape,1408,8431e6468064b84b7dec5dfa2466d3d3d2eea5716adc00d442d72d9d8b42065b,3e63264e969211153630003042862a0011f6f959d3b01ca2f7155667b07734e0
gdkj2,0.465198863636364,655,1408,firefox,landscape,772,1439,113,0,,,,3.6,2147483647,4g,0,false,unknown,large,2023-06-07T00:00:00.0000,2023-06-07T08:34:44.1860,gecko,20100101,,,,,16px,false,false,windows,10,0,,,,"",desktop/laptop,,sj_family_products_dangerous_goods,0.5625,792,false,landscape,1408,8431e6468064b84b7dec5dfa2466d3d3d2eea5716adc00d442d72d9d8b42065b,3e63264e969211153630003042862a0011f6f959d3b01ca2f7155667b07734e0
0ejtp,0.497395833333333,955,1920,firefox,landscape,1056,1936,114,0,,,,2.9,2147483647,4g,0,false,unknown,large,2023-07-06T00:00:00.0000,2023-07-06T13:37:31.8280,gecko,20100101,,,,,16px,false,false,windows,10,0,,,,"",desktop/laptop,,sj_family_products_dangerous_goods,0.5625,1080,false,landscape,1920,d211980ab719d134f25640ea3deabebd142ffc561054a08cf2d95ab878a23c9b,8c6976e5b5410415bde908bd4dee15dfb167a9c873fc4bb8a81f6f2ab448a918
0ejtp,0.497395833333333,955,1920,firefox,landscape,1056,1936,114,0,,,,0,50,slow-2g,2000,false,unknown,large,2023-07-06T00:00:00.0000,2023-07-06T14:56:33.2290,gecko,20100101,,,,,16px,false,false,windows,10,0,,,,"",desktop/laptop,,sj_family_products_dangerous_goods,0.5625,1080,false,landscape,1920,1c90eb37cd2796715da42e60fe1dc8d2332208167e8bc089818dd46a57bddeeb,8c6976e5b5410415bde908bd4dee15dfb167a9c873fc4bb8a81f6f2ab448a918
0ejtp,0.46484375,595,1280,firefox,landscape,695,1295,114,0,,,,0,50,slow-2g,2000,false,unknown,large,2023-07-06T00:00:00.0000,2023-07-06T16:45:34.0610,gecko,20100101,,,,,16px,false,false,windows,10,0,,,,"",desktop/laptop,,sj_family_products_dangerous_goods,0.5625,720,false,landscape,1280,1c90eb37cd2796715da42e60fe1dc8d2332208167e8bc089818dd46a57bddeeb,8c6976e5b5410415bde908bd4dee15dfb167a9c873fc4bb8a81f6f2ab448a918
0ejtp,0.44296875,567,1280,firefox,landscape,695,1295,114,0,,,,0,50,slow-2g,2000,false,unknown,large,2023-07-06T00:00:00.0000,2023-07-06T16:45:38.0559,gecko,20100101,,,,,16px,false,false,windows,10,0,,,,"",desktop/laptop,,sj_family_products_dangerous_goods,0.5625,720,false,landscape,1280,1c90eb37cd2796715da42e60fe1dc8d2332208167e8bc089818dd46a57bddeeb,8c6976e5b5410415bde908bd4dee15dfb167a9c873fc4bb8a81f6f2ab448a918
0ejtp,0.44296875,567,1280,firefox,landscape,695,1295,114,0,,,,0,50,slow-2g,2000,false,unknown,large,2023-07-07T00:00:00.0000,2023-07-07T08:13:40.0280,gecko,20100101,,,,,16px,false,false,windows,10,0,,,,"",desktop/laptop,,sj_family_products_dangerous_goods,0.5625,720,false,landscape,1280,1c90eb37cd2796715da42e60fe1dc8d2332208167e8bc089818dd46a57bddeeb,8c6976e5b5410415bde908bd4dee15dfb167a9c873fc4bb8a81f6f2ab448a918
0ejtp,0.46484375,595,1280,firefox,landscape,695,1295,114,0,,,,0,50,slow-2g,2000,false,unknown,large,2023-07-07T00:00:00.0000,2023-07-07T08:13:51.9530,gecko,20100101,,,,,16px,false,false,windows,10,0,,,,"",desktop/laptop,,sj_family_products_dangerous_goods,0.5625,720,false,landscape,1280,1c90eb37cd2796715da42e60fe1dc8d2332208167e8bc089818dd46a57bddeeb,8c6976e5b5410415bde908bd4dee15dfb167a9c873fc4bb8a81f6f2ab448a918
0ejtp,0.44296875,567,1280,firefox,landscape,695,1295,114,0,,,,0,50,slow-2g,2000,false,unknown,large,2023-07-07T00:00:00.0000,2023-07-07T08:15:43.9230,gecko,20100101,,,,,16px,false,false,windows,10,0,,,,"",desktop/laptop,,sj_family_products_dangerous_goods,0.5625,720,false,landscape,1280,1c90eb37cd2796715da42e60fe1dc8d2332208167e8bc089818dd46a57bddeeb,8c6976e5b5410415bde908bd4dee15dfb167a9c873fc4bb8a81f6f2ab448a918
0ejtp,0.46484375,595,1280,firefox,landscape,695,1295,114,0,,,,0,50,slow-2g,2000,false,unknown,large,2023-07-07T00:00:00.0000,2023-07-07T08:16:22.0650,gecko,20100101,,,,,16px,false,false,windows,10,0,,,,"",desktop/laptop,,sj_family_products_dangerous_goods,0.5625,720,false,landscape,1280,1c90eb37cd2796715da42e60fe1dc8d2332208167e8bc089818dd46a57bddeeb,8c6976e5b5410415bde908bd4dee15dfb167a9c873fc4bb8a81f6f2ab448a918
0ejtp,0.44296875,567,1280,firefox,landscape,695,1295,114,0,,,,0,50,slow-2g,2000,false,unknown,large,2023-07-07T00:00:00.0000,2023-07-07T09:02:28.7950,gecko,20100101,,,,,16px,false,false,windows,10,0,,,,"",desktop/laptop,,sj_family_products_dangerous_goods,0.5625,720,false,landscape,1280,1c90eb37cd2796715da42e60fe1dc8d2332208167e8bc089818dd46a57bddeeb,8c6976e5b5410415bde908bd4dee15dfb167a9c873fc4bb8a81f6f2ab448a918
0ejtp,0.46484375,595,1280,firefox,landscape,695,1295,114,0,,,,0,50,slow-2g,2000,false,unknown,large,2023-07-07T00:00:00.0000,2023-07-07T09:03:42.0639,gecko,20100101,,,,,16px,false,false,windows,10,0,,,,"",desktop/laptop,,sj_family_products_dangerous_goods,0.5625,720,false,landscape,1280,1c90eb37cd2796715da42e60fe1dc8d2332208167e8bc089818dd46a57bddeeb,8c6976e5b5410415bde908bd4dee15dfb167a9c873fc4bb8a81f6f2ab448a918
0ejtp,0.44296875,567,1280,firefox,landscape,695,1295,114,0,,,,0,50,slow-2g,2000,false,unknown,large,2023-07-07T00:00:00.0000,2023-07-07T09:08:10.9869,gecko,20100101,,,,,16px,false,false,windows,10,0,,,,"",desktop/laptop,,sj_family_products_dangerous_goods,0.5625,720,false,landscape,1280,1c90eb37cd2796715da42e60fe1dc8d2332208167e8bc089818dd46a57bddeeb,8c6976e5b5410415bde908bd4dee15dfb167a9c873fc4bb8a81f6f2ab448a918
0ejtp,0.46484375,595,1280,firefox,landscape,695,1295,114,0,,,,0,50,slow-2g,2000,false,unknown,large,2023-07-07T00:00:00.0000,2023-07-07T09:11:05.7550,gecko,20100101,,,,,16px,false,false,windows,10,0,,,,"",desktop/laptop,,sj_family_products_dangerous_goods,0.5625,720,false,landscape,1280,1c90eb37cd2796715da42e60fe1dc8d2332208167e8bc089818dd46a57bddeeb,8c6976e5b5410415bde908bd4dee15dfb167a9c873fc4bb8a81f6f2ab448a918
0ejtp,0.44296875,567,1280,firefox,landscape,695,1295,114,0,,,,0,50,slow-2g,2000,false,unknown,large,2023-07-07T00:00:00.0000,2023-07-07T09:17:56.5680,gecko,20100101,,,,,16px,false,false,windows,10,0,,,,"",desktop/laptop,,sj_family_products_dangerous_goods,0.5625,720,false,landscape,1280,1c90eb37cd2796715da42e60fe1dc8d2332208167e8bc089818dd46a57bddeeb,8c6976e5b5410415bde908bd4dee15dfb167a9c873fc4bb8a81f6f2ab448a918
0ejtp,0.46484375,595,1280,firefox,landscape,695,1295,114,0,,,,0,50,slow-2g,2000,false,unknown,large,2023-07-07T00:00:00.0000,2023-07-07T09:19:08.2539,gecko,20100101,,,,,16px,false,false,windows,10,0,,,,"",desktop/laptop,,sj_family_products_dangerous_goods,0.5625,720,false,landscape,1280,1c90eb37cd2796715da42e60fe1dc8d2332208167e8bc089818dd46a57bddeeb,8c6976e5b5410415bde908bd4dee15dfb167a9c873fc4bb8a81f6f2ab448a918
0ejtp,0.46484375,595,1280,firefox,landscape,695,1295,114,0,,,,0,50,slow-2g,2000,false,unknown,large,2023-07-07T00:00:00.0000,2023-07-07T09:57:37.8020,gecko,20100101,,,,,16px,false,false,windows,10,0,,,,"",desktop/laptop,,sj_family_products_dangerous_goods,0.5625,720,false,landscape,1280,1c90eb37cd2796715da42e60fe1dc8d2332208167e8bc089818dd46a57bddeeb,8c6976e5b5410415bde908bd4dee15dfb167a9c873fc4bb8a81f6f2ab448a918
0ejtp,0.497395833333333,955,1920,firefox,landscape,1056,1936,114,0,,,,0,50,slow-2g,2000,false,unknown,large,2023-07-07T00:00:00.0000,2023-07-07T15:22:19.6259,gecko,20100101,,,,,16px,false,false,windows,10,0,,,,"",desktop/laptop,,sj_family_products_dangerous_goods,0.5625,1080,false,landscape,1920,1c90eb37cd2796715da42e60fe1dc8d2332208167e8bc089818dd46a57bddeeb,8c6976e5b5410415bde908bd4dee15dfb167a9c873fc4bb8a81f6f2ab448a918
0ejtp,0.46484375,595,1280,firefox,landscape,695,1295,114,0,,,,0,50,slow-2g,2000,false,unknown,large,2023-07-07T00:00:00.0000,2023-07-07T16:41:23.5399,gecko,20100101,,,,,16px,false,false,windows,10,0,,,,"",desktop/laptop,,sj_family_products_dangerous_goods,0.5625,720,false,landscape,1280,1c90eb37cd2796715da42e60fe1dc8d2332208167e8bc089818dd46a57bddeeb,8c6976e5b5410415bde908bd4dee15dfb167a9c873fc4bb8a81f6f2ab448a918
0ejtp,0.46484375,595,1280,firefox,landscape,695,1295,114,0,,,,0,50,slow-2g,2000,false,unknown,large,2023-07-07T00:00:00.0000,2023-07-07T16:41:26.5329,gecko,20100101,,,,,16px,false,false,windows,10,0,,,,"",desktop/laptop,,sj_family_products_dangerous_goods,0.5625,720,false,landscape,1280,1c90eb37cd2796715da42e60fe1dc8d2332208167e8bc089818dd46a57bddeeb,8c6976e5b5410415bde908bd4dee15dfb167a9c873fc4bb8a81f6f2ab448a918
w9kbr,0.497395833333333,955,1920,firefox,landscape,1056,1936,115,0,,,,2,2147483647,4g,0,false,unknown,large,2023-08-03T00:00:00.0000,2023-08-03T09:20:35.2400,gecko,20100101,,,,,16px,false,false,windows,10,0,,,,"",desktop/laptop,,sj_family_products_dangerous_goods,0.5625,1080,false,landscape,1920,358c8292c623a005fe8d3411fd6e56dbbf3addcf5bcced784c9187bd59556c18,8c6976e5b5410415bde908bd4dee15dfb167a9c873fc4bb8a81f6f2ab448a918
w9kbr,0.497395833333333,955,1920,firefox,landscape,1056,1936,115,0,,,,0,50,slow-2g,2000,false,unknown,large,2023-08-03T00:00:00.0000,2023-08-03T13:20:11.9409,gecko,20100101,,,,,16px,false,false,windows,10,0,,,,"",desktop/laptop,,sj_family_products_dangerous_goods,0.5625,1080,false,landscape,1920,e71f0397122d4bf902516bf5b6cc000f6a73f84cc5f59b6df74d1500c580a3d2,8c6976e5b5410415bde908bd4dee15dfb167a9c873fc4bb8a81f6f2ab448a918
w9kbr,0.46484375,595,1280,firefox,landscape,695,1295,115,0,,,,0,50,slow-2g,2000,false,unknown,large,2023-08-03T00:00:00.0000,2023-08-03T13:54:05.2230,gecko,20100101,,,,,16px,false,false,windows,10,0,,,,"",desktop/laptop,,sj_family_products_dangerous_goods,0.5625,720,false,landscape,1280,e71f0397122d4bf902516bf5b6cc000f6a73f84cc5f59b6df74d1500c580a3d2,8c6976e5b5410415bde908bd4dee15dfb167a9c873fc4bb8a81f6f2ab448a918
w9kbr,0.497395833333333,955,1920,firefox,landscape,1056,1936,115,0,,,,0,50,slow-2g,2000,false,unknown,large,2023-08-03T00:00:00.0000,2023-08-03T13:55:48.2149,gecko,20100101,,,,,16px,false,false,windows,10,0,,,,"",desktop/laptop,,sj_family_products_dangerous_goods,0.5625,1080,false,landscape,1920,e71f0397122d4bf902516bf5b6cc000f6a73f84cc5f59b6df74d1500c580a3d2,8c6976e5b5410415bde908bd4dee15dfb167a9c873fc4bb8a81f6f2ab448a918
w9kbr,0.46484375,595,1280,firefox,landscape,695,1295,115,0,,,,0,50,slow-2g,2000,false,unknown,large,2023-08-03T00:00:00.0000,2023-08-03T14:37:51.8980,gecko,20100101,,,,,16px,false,false,windows,10,0,,,,"",desktop/laptop,,sj_family_products_dangerous_goods,0.5625,720,false,landscape,1280,e71f0397122d4bf902516bf5b6cc000f6a73f84cc5f59b6df74d1500c580a3d2,8c6976e5b5410415bde908bd4dee15dfb167a9c873fc4bb8a81f6f2ab448a918
w9kbr,0.497395833333333,955,1920,firefox,landscape,1056,1936,115,0,,,,0,50,slow-2g,2000,false,unknown,large,2023-08-03T00:00:00.0000,2023-08-03T15:53:59.1679,gecko,20100101,,,,,16px,false,false,windows,10,0,,,,"",desktop/laptop,,sj_family_products_dangerous_goods,0.5625,1080,false,landscape,1920,e71f0397122d4bf902516bf5b6cc000f6a73f84cc5f59b6df74d1500c580a3d2,8c6976e5b5410415bde908bd4dee15dfb167a9c873fc4bb8a81f6f2ab448a918
w9kbr,0.4828125,927,1920,firefox,landscape,1056,1936,115,0,,,,0,50,slow-2g,2000,false,unknown,large,2023-08-03T00:00:00.0000,2023-08-03T15:54:00.8489,gecko,20100101,,,,,16px,false,false,windows,10,0,,,,"",desktop/laptop,,sj_family_products_dangerous_goods,0.5625,1080,false,landscape,1920,e71f0397122d4bf902516bf5b6cc000f6a73f84cc5f59b6df74d1500c580a3d2,8c6976e5b5410415bde908bd4dee15dfb167a9c873fc4bb8a81f6f2ab448a918
w9kbr,0.497395833333333,955,1920,firefox,landscape,1056,1936,115,0,,,,0,50,slow-2g,2000,false,unknown,large,2023-08-03T00:00:00.0000,2023-08-03T15:54:11.1949,gecko,20100101,,,,,16px,false,false,windows,10,0,,,,"",desktop/laptop,,sj_family_products_dangerous_goods,0.5625,1080,false,landscape,1920,e71f0397122d4bf902516bf5b6cc000f6a73f84cc5f59b6df74d1500c580a3d2,8c6976e5b5410415bde908bd4dee15dfb167a9c873fc4bb8a81f6f2ab448a918
w9kbr,0.46484375,595,1280,firefox,landscape,695,1295,117,0,,,,1.95,2147483647,4g,0,false,unknown,large,2023-09-07T00:00:00.0000,2023-09-07T13:10:51.0260,gecko,20100101,,,,,16px,false,false,windows,10,0,,,,"",desktop/laptop,,sj_family_products_dangerous_goods,0.5625,720,false,landscape,1280,3e12c37939017e01ecd144b8e879a6c6ba2038db22e158de3f4fbead38625332,8c6976e5b5410415bde908bd4dee15dfb167a9c873fc4bb8a81f6f2ab448a918
4x3lh,0.465198863636364,655,1408,firefox,landscape,772,1439,117,0,,,,1.975,2147483647,4g,0,false,unknown,large,2023-09-07T00:00:00.0000,2023-09-07T13:27:16.6010,gecko,20100101,,,,,16px,false,false,windows,10,0,,,,"",desktop/laptop,,sj_family_products_dangerous_goods,0.5625,792,false,landscape,1408,e8fea023274ba00eb534dde8b2898456544da21556d0c1a4916121bb85a3b3c5,3e63264e969211153630003042862a0011f6f959d3b01ca2f7155667b07734e0
4x3lh,0.497632575757576,1051,2112,firefox,landscape,1173,2151,117,0,,,,1.975,2147483647,4g,0,false,unknown,large,2023-09-08T00:00:00.0000,2023-09-08T10:03:08.2369,gecko,20100101,,,,,16px,false,false,windows,10,0,,,,"",desktop/laptop,,sj_family_products_dangerous_goods,0.5625,1188,false,landscape,2112,e8fea023274ba00eb534dde8b2898456544da21556d0c1a4916121bb85a3b3c5,3e63264e969211153630003042862a0011f6f959d3b01ca2f7155667b07734e0
4x3lh,0.465198863636364,655,1408,firefox,landscape,772,1439,117,0,,,,1.975,2147483647,4g,0,false,unknown,large,2023-09-08T00:00:00.0000,2023-09-08T15:18:01.5469,gecko,20100101,,,,,16px,false,false,windows,10,0,,,,"",desktop/laptop,,sj_family_products_dangerous_goods,0.5625,792,false,landscape,1408,e8fea023274ba00eb534dde8b2898456544da21556d0c1a4916121bb85a3b3c5,3e63264e969211153630003042862a0011f6f959d3b01ca2f7155667b07734e0
4x3lh,0.563417890520694,422,749,firefox,landscape,529,770,117,0,,,,1.975,2147483647,4g,0,false,unknown,medium,2023-09-11T00:00:00.0000,2023-09-11T08:46:32.1329,gecko,20100101,,,,,16px,false,false,windows,10,0,,,,"",desktop/laptop,,sj_family_products_dangerous_goods,0.5625,1188,false,landscape,2112,e8fea023274ba00eb534dde8b2898456544da21556d0c1a4916121bb85a3b3c5,3e63264e969211153630003042862a0011f6f959d3b01ca2f7155667b07734e0
w9kbr,0.497395833333333,955,1920,firefox,landscape,1056,1936,117,0,,,,1.75,2147483647,4g,0,false,unknown,large,2023-09-12T00:00:00.0000,2023-09-12T12:23:24.4059,gecko,20100101,,,,,16px,false,false,windows,10,0,,,,"",desktop/laptop,,sj_family_products_dangerous_goods,0.5625,1080,false,landscape,1920,cf7c9d1d7e325af0ae1485fad6a8aa08a99bea5a81ee8090547bff083a7c8390,8c6976e5b5410415bde908bd4dee15dfb167a9c873fc4bb8a81f6f2ab448a918
w9kbr,0.929577464788732,594,639,firefox,landscape,651,685,117,0,,,,1.75,2147483647,4g,0,false,unknown,large,2023-09-12T00:00:00.0000,2023-09-12T13:49:29.2149,gecko,20100101,,,,,16px,false,false,windows,10,0,,,,"",desktop/laptop,,sj_family_products_dangerous_goods,0.5625,720,false,landscape,1280,cf7c9d1d7e325af0ae1485fad6a8aa08a99bea5a81ee8090547bff083a7c8390,8c6976e5b5410415bde908bd4dee15dfb167a9c873fc4bb8a81f6f2ab448a918
w9kbr,0.46484375,595,1280,firefox,landscape,695,1295,117,0,,,,1.75,2147483647,4g,0,false,unknown,large,2023-09-12T00:00:00.0000,2023-09-12T13:49:32.8900,gecko,20100101,,,,,16px,false,false,windows,10,0,,,,"",desktop/laptop,,sj_family_products_dangerous_goods,0.5625,720,false,landscape,1280,cf7c9d1d7e325af0ae1485fad6a8aa08a99bea5a81ee8090547bff083a7c8390,8c6976e5b5410415bde908bd4dee15dfb167a9c873fc4bb8a81f6f2ab448a918
w9kbr,0.497395833333333,955,1920,firefox,landscape,1056,1936,117,0,,,,0,50,slow-2g,2000,false,unknown,large,2023-09-13T00:00:00.0000,2023-09-13T09:14:54.6340,gecko,20100101,,,,,16px,false,false,windows,10,0,,,,"",desktop/laptop,,sj_family_products_dangerous_goods,0.5625,1080,false,landscape,1920,5891efbe0bd3e4015b01f848af1f8166d2a3a2b6718555e06f1fc9e4b673e1e9,8c6976e5b5410415bde908bd4dee15dfb167a9c873fc4bb8a81f6f2ab448a918
at4qz,0.497395833333333,955,1920,firefox,landscape,1056,1936,119,0,,,,2.875,2147483647,4g,0,false,unknown,large,2023-11-03T00:00:00.0000,2023-11-03T13:03:46.8599,gecko,20100101,,,,,16px,false,false,windows,10,0,,,,"",desktop/laptop,,sj_family_products_dangerous_goods,0.5625,1080,false,landscape,1920,daffaaf1fa81bede36e26b1c4eaaf55db3d205f12fc4f8b22150309b56c88719,3e63264e969211153630003042862a0011f6f959d3b01ca2f7155667b07734e0
w59qg,0.497395833333333,955,1920,firefox,landscape,1056,1936,119,0,,,,0.4,700,3g,270,false,unknown,large,2023-11-03T00:00:00.0000,2023-11-03T13:04:31.7609,gecko,20100101,,,,,16px,false,false,windows,10,0,,,,"",desktop/laptop,,sj_family_products_dangerous_goods,0.5625,1080,false,landscape,1920,551beca9f44214bd7f227234f4e6120f391e9ae8dbeef50228c4ca03d2e8110c,3e63264e969211153630003042862a0011f6f959d3b01ca2f7155667b07734e0
w59qg,0.397201291711518,369,929,firefox,landscape,460,941,119,0,,,,0.4,700,3g,270,false,unknown,large,2023-11-06T00:00:00.0000,2023-11-06T10:00:25.1319,gecko,20100101,,,,,16px,false,false,windows,10,0,,,,"",desktop/laptop,,sj_family_products_dangerous_goods,0.625,800,false,landscape,1280,551beca9f44214bd7f227234f4e6120f391e9ae8dbeef50228c4ca03d2e8110c,3e63264e969211153630003042862a0011f6f959d3b01ca2f7155667b07734e0
w59qg,0.497395833333333,955,1920,firefox,landscape,1056,1936,119,0,,,,0.4,700,3g,270,false,unknown,large,2023-11-06T00:00:00.0000,2023-11-06T10:33:48.7699,gecko,20100101,,,,,16px,false,false,windows,10,0,,,,"",desktop/laptop,,sj_family_products_dangerous_goods,0.5625,1080,false,landscape,1920,551beca9f44214bd7f227234f4e6120f391e9ae8dbeef50228c4ca03d2e8110c,3e63264e969211153630003042862a0011f6f959d3b01ca2f7155667b07734e0
w59qg,0.397201291711518,369,929,firefox,landscape,460,941,119,0,,,,0.4,700,3g,270,false,unknown,large,2023-11-06T00:00:00.0000,2023-11-06T12:38:38.7969,gecko,20100101,,,,,16px,false,false,windows,10,0,,,,"",desktop/laptop,,sj_family_products_dangerous_goods,0.625,800,false,landscape,1280,551beca9f44214bd7f227234f4e6120f391e9ae8dbeef50228c4ca03d2e8110c,3e63264e969211153630003042862a0011f6f959d3b01ca2f7155667b07734e0
w59qg,0.52734375,675,1280,firefox,landscape,775,1295,119,0,,,,0.4,700,3g,270,false,unknown,large,2023-11-06T00:00:00.0000,2023-11-06T12:38:40.9389,gecko,20100101,,,,,16px,false,false,windows,10,0,,,,"",desktop/laptop,,sj_family_products_dangerous_goods,0.625,800,false,landscape,1280,551beca9f44214bd7f227234f4e6120f391e9ae8dbeef50228c4ca03d2e8110c,3e63264e969211153630003042862a0011f6f959d3b01ca2f7155667b07734e0
w59qg,0.497395833333333,955,1920,firefox,landscape,1056,1936,119,0,,,,0.4,700,3g,270,false,unknown,large,2023-11-06T00:00:00.0000,2023-11-06T14:41:52.7320,gecko,20100101,,,,,16px,false,false,windows,10,0,,,,"",desktop/laptop,,sj_family_products_dangerous_goods,0.5625,1080,false,landscape,1920,551beca9f44214bd7f227234f4e6120f391e9ae8dbeef50228c4ca03d2e8110c,3e63264e969211153630003042862a0011f6f959d3b01ca2f7155667b07734e0
w59qg,0.497395833333333,955,1920,firefox,landscape,1056,1936,119,0,,,,0.4,700,3g,270,false,unknown,large,2023-11-06T00:00:00.0000,2023-11-06T14:41:54.7790,gecko,20100101,,,,,16px,false,false,windows,10,0,,,,"",desktop/laptop,,sj_family_products_dangerous_goods,0.5625,1080,false,landscape,1920,551beca9f44214bd7f227234f4e6120f391e9ae8dbeef50228c4ca03d2e8110c,3e63264e969211153630003042862a0011f6f959d3b01ca2f7155667b07734e0
w59qg,0.52734375,675,1280,firefox,landscape,775,1295,119,0,,,,0.4,700,3g,270,false,unknown,large,2023-11-06T00:00:00.0000,2023-11-06T22:35:36.9609,gecko,20100101,,,,,16px,false,false,windows,10,0,,,,"",desktop/laptop,,sj_family_products_dangerous_goods,0.625,800,false,landscape,1280,551beca9f44214bd7f227234f4e6120f391e9ae8dbeef50228c4ca03d2e8110c,3e63264e969211153630003042862a0011f6f959d3b01ca2f7155667b07734e0
w59qg,0.55859375,715,1280,firefox,landscape,815,1295,119,0,,,,0.4,700,3g,270,false,unknown,large,2023-11-07T00:00:00.0000,2023-11-07T09:29:20.1150,gecko,20100101,,,,,16px,false,false,windows,10,0,,,,"",desktop/laptop,,sj_family_products_dangerous_goods,0.625,800,false,landscape,1280,551beca9f44214bd7f227234f4e6120f391e9ae8dbeef50228c4ca03d2e8110c,3e63264e969211153630003042862a0011f6f959d3b01ca2f7155667b07734e0
w59qg,0.497395833333333,955,1920,firefox,landscape,1056,1936,119,0,,,,0.4,700,3g,270,false,unknown,medium,2023-11-07T00:00:00.0000,2023-11-07T10:34:09.6389,gecko,20100101,,,,,16px,false,false,windows,10,0,,,,"",desktop/laptop,,sj_family_products_dangerous_goods,0.5625,1080,false,landscape,1920,551beca9f44214bd7f227234f4e6120f391e9ae8dbeef50228c4ca03d2e8110c,3e63264e969211153630003042862a0011f6f959d3b01ca2f7155667b07734e0
w59qg,0.497395833333333,955,1920,firefox,landscape,1056,1936,119,0,,,,0.4,700,3g,270,false,unknown,large,2023-11-07T00:00:00.0000,2023-11-07T10:34:11.6459,gecko,20100101,,,,,16px,false,false,windows,10,0,,,,"",desktop/laptop,,sj_family_products_dangerous_goods,0.5625,1080,false,landscape,1920,551beca9f44214bd7f227234f4e6120f391e9ae8dbeef50228c4ca03d2e8110c,3e63264e969211153630003042862a0011f6f959d3b01ca2f7155667b07734e0
w9kbr,0.497395833333333,955,1920,firefox,landscape,1056,1936,120,0,,,,1.625,2147483647,4g,0,false,unknown,large,2023-11-22T00:00:00.0000,2023-11-22T15:26:44.5910,gecko,20100101,,,,,16px,false,false,windows,10,0,,,,"",desktop/laptop,,sj_family_products_dangerous_goods,0.5625,1080,false,landscape,1920,3aeb7c63ff072c2b62c60f8262ca9a752fb1b877a3ff396b33c46e935307eaf3,8c6976e5b5410415bde908bd4dee15dfb167a9c873fc4bb8a81f6f2ab448a918
w9kbr,0.52734375,675,1280,firefox,landscape,775,1295,120,0,,,,1.625,2147483647,4g,0,false,unknown,small,2023-11-22T00:00:00.0000,2023-11-22T16:24:51.3029,gecko,20100101,,,,,16px,false,false,windows,10,0,,,,"",desktop/laptop,,sj_family_products_dangerous_goods,0.625,800,false,landscape,1280,3aeb7c63ff072c2b62c60f8262ca9a752fb1b877a3ff396b33c46e935307eaf3,8c6976e5b5410415bde908bd4dee15dfb167a9c873fc4bb8a81f6f2ab448a918
w9kbr,0.52734375,675,1280,firefox,landscape,775,1295,120,0,,,,1.625,2147483647,4g,0,false,unknown,large,2023-11-22T00:00:00.0000,2023-11-22T16:24:54.2860,gecko,20100101,,,,,16px,false,false,windows,10,0,,,,"",desktop/laptop,,sj_family_products_dangerous_goods,0.625,800,false,landscape,1280,3aeb7c63ff072c2b62c60f8262ca9a752fb1b877a3ff396b33c46e935307eaf3,8c6976e5b5410415bde908bd4dee15dfb167a9c873fc4bb8a81f6f2ab448a918
w9kbr,0.497395833333333,955,1920,firefox,landscape,1056,1936,120,0,,,,1.625,2147483647,4g,0,false,unknown,small,2023-11-22T00:00:00.0000,2023-11-22T17:42:53.8680,gecko,20100101,,,,,16px,false,false,windows,10,0,,,,"",desktop/laptop,,sj_family_products_dangerous_goods,0.5625,1080,false,landscape,1920,3aeb7c63ff072c2b62c60f8262ca9a752fb1b877a3ff396b33c46e935307eaf3,8c6976e5b5410415bde908bd4dee15dfb167a9c873fc4bb8a81f6f2ab448a918
w9kbr,0.497395833333333,955,1920,firefox,landscape,1056,1936,120,0,,,,1.625,2147483647,4g,0,false,unknown,large,2023-11-22T00:00:00.0000,2023-11-22T17:42:56.8389,gecko,20100101,,,,,16px,false,false,windows,10,0,,,,"",desktop/laptop,,sj_family_products_dangerous_goods,0.5625,1080,false,landscape,1920,3aeb7c63ff072c2b62c60f8262ca9a752fb1b877a3ff396b33c46e935307eaf3,8c6976e5b5410415bde908bd4dee15dfb167a9c873fc4bb8a81f6f2ab448a918
o6xgi,0.497395833333333,955,1920,firefox,landscape,1056,1936,120,0,,,,0,50,slow-2g,2000,false,unknown,large,2023-12-01T00:00:00.0000,2023-12-01T12:23:21.5710,gecko,20100101,,,,,16px,false,false,windows,10,0,,,,"",desktop/laptop,,sj_family_products_dangerous_goods,0.5625,1080,false,landscape,1920,4c3a7e36420a3c92c0d507120783936c0000514617078d5f667df32a6c04f4a8,8c6976e5b5410415bde908bd4dee15dfb167a9c873fc4bb8a81f6f2ab448a918
o6xgi,0.399479166666667,767,1920,firefox,landscape,1056,1936,126,0,,,,2.975,2147483647,4g,0,false,unknown,large,2024-06-03T00:00:00.0000,2024-06-03T10:28:23.2999,gecko,20100101,,,,,16px,false,false,windows,10,0,,,,"",desktop/laptop,,sj_family_products_dangerous_goods,0.5625,1080,false,landscape,1920,5b8b3fe88c8c5a0ca71c012c1f59728039017383522b3fd0a6fc597d7cc8f0bd,8c6976e5b5410415bde908bd4dee15dfb167a9c873fc4bb8a81f6f2ab448a918
o6xgi,0.1671875,321,1920,firefox,landscape,1056,1936,126,0,,,,2.975,2147483647,4g,0,false,unknown,large,2024-06-03T00:00:00.0000,2024-06-03T10:28:26.3949,gecko,20100101,,,,,16px,false,false,windows,10,0,,,,"",desktop/laptop,,sj_family_products_dangerous_goods,0.5625,1080,false,landscape,1920,5b8b3fe88c8c5a0ca71c012c1f59728039017383522b3fd0a6fc597d7cc8f0bd,8c6976e5b5410415bde908bd4dee15dfb167a9c873fc4bb8a81f6f2ab448a918
o6xgi,0.06328125,81,1280,firefox,landscape,815,1295,126,0,,,,2.975,2147483647,4g,0,false,unknown,large,2024-06-03T00:00:00.0000,2024-06-03T12:07:24.2690,gecko,20100101,,,,,16px,false,false,windows,10,0,,,,"",desktop/laptop,,sj_family_products_dangerous_goods,0.625,800,false,landscape,1280,5b8b3fe88c8c5a0ca71c012c1f59728039017383522b3fd0a6fc597d7cc8f0bd,8c6976e5b5410415bde908bd4dee15dfb167a9c873fc4bb8a81f6f2ab448a918
o6xgi,0.1671875,321,1920,firefox,landscape,1056,1936,126,0,,,,2.975,2147483647,4g,0,false,unknown,medium,2024-06-03T00:00:00.0000,2024-06-03T14:03:57.1630,gecko,20100101,,,,,16px,false,false,windows,10,0,,,,"",desktop/laptop,,sj_family_products_dangerous_goods,0.5625,1080,false,landscape,1920,5b8b3fe88c8c5a0ca71c012c1f59728039017383522b3fd0a6fc597d7cc8f0bd,8c6976e5b5410415bde908bd4dee15dfb167a9c873fc4bb8a81f6f2ab448a918
o6xgi,0.1671875,321,1920,firefox,landscape,1056,1936,126,0,,,,2.975,2147483647,4g,0,false,unknown,large,2024-06-03T00:00:00.0000,2024-06-03T14:04:01.1679,gecko,20100101,,,,,16px,false,false,windows,10,0,,,,"",desktop/laptop,,sj_family_products_dangerous_goods,0.5625,1080,false,landscape,1920,5b8b3fe88c8c5a0ca71c012c1f59728039017383522b3fd0a6fc597d7cc8f0bd,8c6976e5b5410415bde908bd4dee15dfb167a9c873fc4bb8a81f6f2ab448a918
o6xgi,0.06328125,81,1280,firefox,landscape,815,1295,126,0,,,,2.975,2147483647,4g,0,false,unknown,large,2024-06-03T00:00:00.0000,2024-06-03T14:05:51.8139,gecko,20100101,,,,,16px,false,false,windows,10,0,,,,"",desktop/laptop,,sj_family_products_dangerous_goods,0.625,800,false,landscape,1280,5b8b3fe88c8c5a0ca71c012c1f59728039017383522b3fd0a6fc597d7cc8f0bd,8c6976e5b5410415bde908bd4dee15dfb167a9c873fc4bb8a81f6f2ab448a918
o6xgi,0.1671875,321,1920,firefox,landscape,1056,1936,126,0,,,,2.975,2147483647,4g,0,false,unknown,large,2024-06-03T00:00:00.0000,2024-06-03T14:17:28.7539,gecko,20100101,,,,,16px,false,false,windows,10,0,,,,"",desktop/laptop,,sj_family_products_dangerous_goods,0.5625,1080,false,landscape,1920,5b8b3fe88c8c5a0ca71c012c1f59728039017383522b3fd0a6fc597d7cc8f0bd,8c6976e5b5410415bde908bd4dee15dfb167a9c873fc4bb8a81f6f2ab448a918
o6xgi,0.03203125,41,1280,firefox,landscape,775,1295,126,0,,,,2.975,2147483647,4g,0,false,unknown,large,2024-06-03T00:00:00.0000,2024-06-03T14:53:03.2799,gecko,20100101,,,,,16px,false,false,windows,10,0,,,,"",desktop/laptop,,sj_family_products_dangerous_goods,0.625,800,false,landscape,1280,5b8b3fe88c8c5a0ca71c012c1f59728039017383522b3fd0a6fc597d7cc8f0bd,8c6976e5b5410415bde908bd4dee15dfb167a9c873fc4bb8a81f6f2ab448a918
o6xgi,0.1671875,321,1920,firefox,landscape,1056,1936,126,0,,,,2.975,2147483647,4g,0,false,unknown,large,2024-06-03T00:00:00.0000,2024-06-03T14:54:42.3650,gecko,20100101,,,,,16px,false,false,windows,10,0,,,,"",desktop/laptop,,sj_family_products_dangerous_goods,0.5625,1080,false,landscape,1920,5b8b3fe88c8c5a0ca71c012c1f59728039017383522b3fd0a6fc597d7cc8f0bd,8c6976e5b5410415bde908bd4dee15dfb167a9c873fc4bb8a81f6f2ab448a918
o6xgi,0.03203125,41,1280,firefox,landscape,775,1295,126,0,,,,2.975,2147483647,4g,0,false,unknown,large,2024-06-03T00:00:00.0000,2024-06-03T14:54:57.0669,gecko,20100101,,,,,16px,false,false,windows,10,0,,,,"",desktop/laptop,,sj_family_products_dangerous_goods,0.625,800,false,landscape,1280,5b8b3fe88c8c5a0ca71c012c1f59728039017383522b3fd0a6fc597d7cc8f0bd,8c6976e5b5410415bde908bd4dee15dfb167a9c873fc4bb8a81f6f2ab448a918
o6xgi,0.1671875,321,1920,firefox,landscape,1056,1936,126,0,,,,2.975,2147483647,4g,0,false,unknown,large,2024-06-03T00:00:00.0000,2024-06-03T15:35:35.9660,gecko,20100101,,,,,16px,false,false,windows,10,0,,,,"",desktop/laptop,,sj_family_products_dangerous_goods,0.5625,1080,false,landscape,1920,5b8b3fe88c8c5a0ca71c012c1f59728039017383522b3fd0a6fc597d7cc8f0bd,8c6976e5b5410415bde908bd4dee15dfb167a9c873fc4bb8a81f6f2ab448a918
o6xgi,0.06328125,81,1280,firefox,landscape,815,1295,126,0,,,,2.975,2147483647,4g,0,false,unknown,large,2024-06-03T00:00:00.0000,2024-06-03T16:01:35.1189,gecko,20100101,,,,,16px,false,false,windows,10,0,,,,"",desktop/laptop,,sj_family_products_dangerous_goods,0.625,800,false,landscape,1280,5b8b3fe88c8c5a0ca71c012c1f59728039017383522b3fd0a6fc597d7cc8f0bd,8c6976e5b5410415bde908bd4dee15dfb167a9c873fc4bb8a81f6f2ab448a918
o6xgi,0.1671875,321,1920,firefox,landscape,1056,1936,126,0,,,,2.975,2147483647,4g,0,false,unknown,large,2024-06-03T00:00:00.0000,2024-06-03T16:17:55.3949,gecko,20100101,,,,,16px,false,false,windows,10,0,,,,"",desktop/laptop,,sj_family_products_dangerous_goods,0.5625,1080,false,landscape,1920,5b8b3fe88c8c5a0ca71c012c1f59728039017383522b3fd0a6fc597d7cc8f0bd,8c6976e5b5410415bde908bd4dee15dfb167a9c873fc4bb8a81f6f2ab448a918
o6xgi,0.03203125,41,1280,firefox,landscape,775,1295,126,0,,,,2.975,2147483647,4g,0,false,unknown,large,2024-06-03T00:00:00.0000,2024-06-03T16:57:08.5190,gecko,20100101,,,,,16px,false,false,windows,10,0,,,,"",desktop/laptop,,sj_family_products_dangerous_goods,0.625,800,false,landscape,1280,5b8b3fe88c8c5a0ca71c012c1f59728039017383522b3fd0a6fc597d7cc8f0bd,8c6976e5b5410415bde908bd4dee15dfb167a9c873fc4bb8a81f6f2ab448a918
o6xgi,0.06328125,81,1280,firefox,landscape,815,1295,126,0,,,,2.975,2147483647,4g,0,false,unknown,large,2024-06-03T00:00:00.0000,2024-06-03T16:57:12.0199,gecko,20100101,,,,,16px,false,false,windows,10,0,,,,"",desktop/laptop,,sj_family_products_dangerous_goods,0.625,800,false,landscape,1280,5b8b3fe88c8c5a0ca71c012c1f59728039017383522b3fd0a6fc597d7cc8f0bd,8c6976e5b5410415bde908bd4dee15dfb167a9c873fc4bb8a81f6f2ab448a918
o6xgi,0.03203125,41,1280,firefox,landscape,775,1295,126,0,,,,2.975,2147483647,4g,0,false,unknown,large,2024-06-03T00:00:00.0000,2024-06-03T16:57:17.5269,gecko,20100101,,,,,16px,false,false,windows,10,0,,,,"",desktop/laptop,,sj_family_products_dangerous_goods,0.625,800,false,landscape,1280,5b8b3fe88c8c5a0ca71c012c1f59728039017383522b3fd0a6fc597d7cc8f0bd,8c6976e5b5410415bde908bd4dee15dfb167a9c873fc4bb8a81f6f2ab448a918
o6xgi,0.188020833333333,361,1920,firefox,landscape,1096,1936,126,0,,,,2.975,2147483647,4g,0,false,unknown,large,2024-06-03T00:00:00.0000,2024-06-03T16:57:38.4560,gecko,20100101,,,,,16px,false,false,windows,10,0,,,,"",desktop/laptop,,sj_family_products_dangerous_goods,0.5625,1080,false,landscape,1920,5b8b3fe88c8c5a0ca71c012c1f59728039017383522b3fd0a6fc597d7cc8f0bd,8c6976e5b5410415bde908bd4dee15dfb167a9c873fc4bb8a81f6f2ab448a918
