"Organisation ID",Name,"Parent ID number",Framework,"Organisation Path","Organisation Depth Level"
1,"Healthcare Framework",0,"Healthcare Framework",1,1
2,"Division 1",1,"Healthcare Framework",1|2,2
3,"Division 2",1,"Healthcare Framework",1|3,2
4,"Division 3",1,"Healthcare Framework",1|4,2
5,"Division 4",1,"Healthcare Framework",1|5,2
6,"Division 5",1,"Healthcare Framework",1|6,2
7,"Division 6",1,"Healthcare Framework",1|7,2
8,"Division 7",1,"Healthcare Framework",1|8,2
9,"Division 8",1,"Healthcare Framework",1|9,2
10,"Division 9",1,"Healthcare Framework",1|10,2
11,"Division 10",1,"Healthcare Framework",1|11,2
12,"Division 11",1,"Healthcare Framework",1|12,2
13,"Division 12",1,"Healthcare Framework",1|13,2
14,"Division 13",1,"Healthcare Framework",1|14,2
15,"Care Group 1",2,"Healthcare Framework",1|2|15,3
16,"Care Group 2",2,"Healthcare Framework",1|2|16,3
17,"Care Group 3",2,"Healthcare Framework",1|2|17,3
18,"Care Group 4",3,"Healthcare Framework",1|3|18,3
19,"Care Group 5",3,"Healthcare Framework",1|3|19,3
20,"Care Group 6",3,"Healthcare Framework",1|3|20,3
21,"Care Group 7",3,"Healthcare Framework",1|3|21,3
22,"Care Group 8",3,"Healthcare Framework",1|3|22,3
23,"Care Group 9",4,"Healthcare Framework",1|4|23,3
24,"Care Group 10",5,"Healthcare Framework",1|5|24,3
25,"Care Group 11",6,"Healthcare Framework",1|6|25,3
26,"Care Group 12",6,"Healthcare Framework",1|6|26,3
27,"Care Group 13",7,"Healthcare Framework",1|7|27,3
28,"Care Group 14",8,"Healthcare Framework",1|8|28,3
29,"Care Group 15",8,"Healthcare Framework",1|8|29,3
30,"Care Group 16",8,"Healthcare Framework",1|8|30,3
31,"Care Group 17",8,"Healthcare Framework",1|8|31,3
32,"Care Group 18",8,"Healthcare Framework",1|8|32,3
33,"Care Group 19",8,"Healthcare Framework",1|8|33,3
34,"Care Group 20",8,"Healthcare Framework",1|8|34,3
35,"Care Group 21",8,"Healthcare Framework",1|8|35,3
36,"Care Group 22",8,"Healthcare Framework",1|8|36,3
37,"Care Group 23",8,"Healthcare Framework",1|8|37,3
38,"Care Group 24",9,"Healthcare Framework",1|9|38,3
39,"Care Group 25",10,"Healthcare Framework",1|10|39,3
40,"Care Group 26",10,"Healthcare Framework",1|10|40,3
41,"Care Group 27",10,"Healthcare Framework",1|10|41,3
42,"Care Group 28",10,"Healthcare Framework",1|10|42,3
43,"Care Group 29",10,"Healthcare Framework",1|10|43,3
44,"Care Group 30",12,"Healthcare Framework",1|12|44,3
45,"Care Group 31",12,"Healthcare Framework",1|12|45,3
46,"Care Group 32",12,"Healthcare Framework",1|12|46,3
47,"Care Group 33",12,"Healthcare Framework",1|12|47,3
48,"Care Group 34",12,"Healthcare Framework",1|12|48,3
49,"Care Group 35",12,"Healthcare Framework",1|12|49,3
50,"Care Group 36",12,"Healthcare Framework",1|12|50,3
51,"Care Group 37",12,"Healthcare Framework",1|12|51,3
52,"Care Group 38",12,"Healthcare Framework",1|12|52,3
53,"Care Group 39",12,"Healthcare Framework",1|12|53,3
54,"Care Group 40",12,"Healthcare Framework",1|12|54,3
55,"Care Group 41",12,"Healthcare Framework",1|12|55,3
56,"Care Group 42",12,"Healthcare Framework",1|12|56,3
57,"Care Group 43",12,"Healthcare Framework",1|12|57,3
58,"Care Group 44",12,"Healthcare Framework",1|12|58,3
59,"Care Group 45",12,"Healthcare Framework",1|12|59,3
60,"Care Group 46",13,"Healthcare Framework",1|13|60,3
61,"Care Group 47",13,"Healthcare Framework",1|13|61,3
62,"Care Group 48",11,"Healthcare Framework",1|11|62,3
63,"Care Group 49",11,"Healthcare Framework",1|11|63,3
64,"Care Group 50",11,"Healthcare Framework",1|11|64,3
65,"Care Group 51",11,"Healthcare Framework",1|11|65,3
66,"Care Group 52",11,"Healthcare Framework",1|11|66,3
67,"Care Group 53",11,"Healthcare Framework",1|11|67,3
68,"Care Group 54",11,"Healthcare Framework",1|11|68,3
69,"Care Group 55",11,"Healthcare Framework",1|11|69,3
70,"Care Group 56",11,"Healthcare Framework",1|11|70,3
71,"Care Group 57",11,"Healthcare Framework",1|11|71,3
72,"Care Group 58",11,"Healthcare Framework",1|11|72,3
73,"Care Group 59",11,"Healthcare Framework",1|11|73,3
74,"Care Group 60",14,"Healthcare Framework",1|14|74,3
75,"Care Group 61",14,"Healthcare Framework",1|14|75,3
76,"Care Group 62",14,"Healthcare Framework",1|14|76,3
77,"Care Group 63",14,"Healthcare Framework",1|14|77,3
78,"Care Group 64",14,"Healthcare Framework",1|14|78,3
79,"Service 1",67,"Healthcare Framework",1|11|67|79,4
80,"Service 2",67,"Healthcare Framework",1|11|67|80,4
81,"Service 3",67,"Healthcare Framework",1|11|67|81,4
82,"Service 4",67,"Healthcare Framework",1|11|67|82,4
83,"Service 5",40,"Healthcare Framework",1|10|40|83,4
84,"Service 6",40,"Healthcare Framework",1|10|40|84,4
85,"Service 7",34,"Healthcare Framework",1|8|34|85,4
86,"Service 8",28,"Healthcare Framework",1|8|28|86,4
87,"Service 9",28,"Healthcare Framework",1|8|28|87,4
88,"Service 10",28,"Healthcare Framework",1|8|28|88,4
89,"Service 11",28,"Healthcare Framework",1|8|28|89,4
90,"Service 12",28,"Healthcare Framework",1|8|28|90,4
91,"Service 13",4,"Healthcare Framework",1|4|91,3
92,"Service 14",29,"Healthcare Framework",1|8|29|92,4
93,"Service 15",29,"Healthcare Framework",1|8|29|93,4
94,"Service 16",29,"Healthcare Framework",1|8|29|94,4
95,"Service 17",69,"Healthcare Framework",1|11|69|95,4
96,"Service 18",69,"Healthcare Framework",1|11|69|96,4
97,"Service 19",69,"Healthcare Framework",1|11|69|97,4
98,"Service 20",16,"Healthcare Framework",1|2|16|98,4
99,"Service 21",5,"Healthcare Framework",1|5|99,3
100,"Service 22",15,"Healthcare Framework",1|2|15|100,4
101,"Service 23",6,"Healthcare Framework",1|6|101,3
102,"Service 24",32,"Healthcare Framework",1|8|32|102,4
103,"Service 25",32,"Healthcare Framework",1|8|32|103,4
104,"Service 26",76,"Healthcare Framework",1|14|76|104,4
105,"Service 27",60,"Healthcare Framework",1|13|60|105,4
106,"Service 28",22,"Healthcare Framework",1|3|22|106,4
107,"Service 29",20,"Healthcare Framework",1|3|20|107,4
108,"Service 30",75,"Healthcare Framework",1|14|75|108,4
109,"Service 31",31,"Healthcare Framework",1|8|31|109,4
110,"Service 32",31,"Healthcare Framework",1|8|31|110,4
111,"Service 33",7,"Healthcare Framework",1|7|111,3
112,"Service 34",35,"Healthcare Framework",1|8|35|112,4
113,"Service 35",33,"Healthcare Framework",1|8|33|113,4
114,"Service 36",33,"Healthcare Framework",1|8|33|114,4
115,"Service 37",33,"Healthcare Framework",1|8|33|115,4
116,"Service 38",33,"Healthcare Framework",1|8|33|116,4
117,"Service 39",33,"Healthcare Framework",1|8|33|117,4
118,"Service 40",33,"Healthcare Framework",1|8|33|118,4
119,"Service 41",78,"Healthcare Framework",1|14|78|119,4
120,"Service 42",74,"Healthcare Framework",1|14|74|120,4
121,"Service 43",9,"Healthcare Framework",1|9|121,3
122,"Service 44",19,"Healthcare Framework",1|3|19|122,4
123,"Service 45",65,"Healthcare Framework",1|11|65|123,4
124,"Service 46",71,"Healthcare Framework",1|11|71|124,4
125,"Service 47",66,"Healthcare Framework",1|11|66|125,4
126,"Service 48",66,"Healthcare Framework",1|11|66|126,4
127,"Service 49",77,"Healthcare Framework",1|14|77|127,4
128,"Service 50",72,"Healthcare Framework",1|11|72|128,4
129,"Service 51",62,"Healthcare Framework",1|11|62|129,4
130,"Service 52",62,"Healthcare Framework",1|11|62|130,4
131,"Service 53",62,"Healthcare Framework",1|11|62|131,4
132,"Service 54",62,"Healthcare Framework",1|11|62|132,4
133,"Service 55",62,"Healthcare Framework",1|11|62|133,4
134,"Service 56",62,"Healthcare Framework",1|11|62|134,4
135,"Service 57",62,"Healthcare Framework",1|11|62|135,4
136,"Service 58",62,"Healthcare Framework",1|11|62|136,4
137,"Service 59",62,"Healthcare Framework",1|11|62|137,4
138,"Service 60",62,"Healthcare Framework",1|11|62|138,4
139,"Service 61",62,"Healthcare Framework",1|11|62|139,4
140,"Service 62",62,"Healthcare Framework",1|11|62|140,4
141,"Service 63",62,"Healthcare Framework",1|11|62|141,4
142,"Service 64",62,"Healthcare Framework",1|11|62|142,4
143,"Service 65",62,"Healthcare Framework",1|11|62|143,4
144,"Service 66",41,"Healthcare Framework",1|10|41|144,4
145,"Service 67",41,"Healthcare Framework",1|10|41|145,4
146,"Service 68",18,"Healthcare Framework",1|3|18|146,4
147,"Service 69",26,"Healthcare Framework",1|6|26|147,4
148,"Service 70",17,"Healthcare Framework",1|2|17|148,4
149,"Service 71",43,"Healthcare Framework",1|10|43|149,4
150,"Service 72",48,"Healthcare Framework",1|12|48|150,4
151,"Service 73",46,"Healthcare Framework",1|12|46|151,4
152,"Service 74",51,"Healthcare Framework",1|12|51|152,4
153,"Service 75",53,"Healthcare Framework",1|12|53|153,4
154,"Service 76",56,"Healthcare Framework",1|12|56|154,4
155,"Service 77",59,"Healthcare Framework",1|12|59|155,4
156,"Service 78",45,"Healthcare Framework",1|12|45|156,4
157,"Service 79",58,"Healthcare Framework",1|12|58|157,4
158,"Service 80",50,"Healthcare Framework",1|12|50|158,4
159,"Service 81",55,"Healthcare Framework",1|12|55|159,4
160,"Service 82",52,"Healthcare Framework",1|12|52|160,4
161,"Service 83",47,"Healthcare Framework",1|12|47|161,4
162,"Service 84",49,"Healthcare Framework",1|12|49|162,4
163,"Service 85",57,"Healthcare Framework",1|12|57|163,4
164,"Service 86",54,"Healthcare Framework",1|12|54|164,4
165,"Service 87",12,"Healthcare Framework",1|12|165,3
166,"Service 88",36,"Healthcare Framework",1|8|36|166,4
167,"Service 89",37,"Healthcare Framework",1|8|37|167,4
168,"Service 90",39,"Healthcare Framework",1|10|39|168,4
169,"Service 91",39,"Healthcare Framework",1|10|39|169,4
170,"Service 92",64,"Healthcare Framework",1|11|64|170,4
171,"Service 93",64,"Healthcare Framework",1|11|64|171,4
172,"Service 94",64,"Healthcare Framework",1|11|64|172,4
173,"Service 95",64,"Healthcare Framework",1|11|64|173,4
174,"Service 96",64,"Healthcare Framework",1|11|64|174,4
175,"Service 97",63,"Healthcare Framework",1|11|63|175,4
176,"Service 98",63,"Healthcare Framework",1|11|63|176,4
177,"Service 99",63,"Healthcare Framework",1|11|63|177,4
178,"Service 100",63,"Healthcare Framework",1|11|63|178,4
179,"Service 101",63,"Healthcare Framework",1|11|63|179,4
180,"Service 102",61,"Healthcare Framework",1|13|61|180,4
181,"Service 103",73,"Healthcare Framework",1|11|73|181,4
182,"Service 104",70,"Healthcare Framework",1|11|70|182,4
183,"Service 105",30,"Healthcare Framework",1|8|30|183,4
184,"Service 106",21,"Healthcare Framework",1|3|21|184,4
185,"Service 107",42,"Healthcare Framework",1|10|42|185,4
186,"Service 108",42,"Healthcare Framework",1|10|42|186,4
187,"Service 109",42,"Healthcare Framework",1|10|42|187,4
188,"Service 110",42,"Healthcare Framework",1|10|42|188,4
189,"Service 111",42,"Healthcare Framework",1|10|42|189,4
190,"Service 112",68,"Healthcare Framework",1|11|68|190,4
191,"Service 113",68,"Healthcare Framework",1|11|68|191,4
192,"Service 114",68,"Healthcare Framework",1|11|68|192,4
193,"Service 115",68,"Healthcare Framework",1|11|68|193,4
194,"Service 116",68,"Healthcare Framework",1|11|68|194,4
195,"Service 117",68,"Healthcare Framework",1|11|68|195,4
196,"Department 1",84,"Healthcare Framework",1|10|40|84|196,5
197,"Department 2",84,"Healthcare Framework",1|10|40|84|197,5
198,"Department 3",84,"Healthcare Framework",1|10|40|84|198,5
199,"Department 4",84,"Healthcare Framework",1|10|40|84|199,5
200,"Department 5",84,"Healthcare Framework",1|10|40|84|200,5
201,"Department 6",80,"Healthcare Framework",1|11|67|80|201,5
202,"Department 7",80,"Healthcare Framework",1|11|67|80|202,5
203,"Department 8",80,"Healthcare Framework",1|11|67|80|203,5
204,"Department 9",80,"Healthcare Framework",1|11|67|80|204,5
205,"Department 10",80,"Healthcare Framework",1|11|67|80|205,5
206,"Department 11",80,"Healthcare Framework",1|11|67|80|206,5
207,"Department 12",80,"Healthcare Framework",1|11|67|80|207,5
208,"Department 13",80,"Healthcare Framework",1|11|67|80|208,5
209,"Department 14",80,"Healthcare Framework",1|11|67|80|209,5
210,"Department 15",80,"Healthcare Framework",1|11|67|80|210,5
211,"Department 16",80,"Healthcare Framework",1|11|67|80|211,5
212,"Department 17",79,"Healthcare Framework",1|11|67|79|212,5
213,"Department 18",79,"Healthcare Framework",1|11|67|79|213,5
214,"Department 19",79,"Healthcare Framework",1|11|67|79|214,5
215,"Department 20",79,"Healthcare Framework",1|11|67|79|215,5
216,"Department 21",79,"Healthcare Framework",1|11|67|79|216,5
217,"Department 22",79,"Healthcare Framework",1|11|67|79|217,5
218,"Department 23",79,"Healthcare Framework",1|11|67|79|218,5
219,"Department 24",79,"Healthcare Framework",1|11|67|79|219,5
220,"Department 25",79,"Healthcare Framework",1|11|67|79|220,5
221,"Department 26",79,"Healthcare Framework",1|11|67|79|221,5
222,"Department 27",79,"Healthcare Framework",1|11|67|79|222,5
223,"Department 28",79,"Healthcare Framework",1|11|67|79|223,5
224,"Department 29",79,"Healthcare Framework",1|11|67|79|224,5
225,"Department 30",132,"Healthcare Framework",1|11|62|132|225,5
226,"Department 31",171,"Healthcare Framework",1|11|64|171|226,5
227,"Department 32",192,"Healthcare Framework",1|11|68|192|227,5
228,"Department 33",34,"Healthcare Framework",1|8|34|228,4
229,"Department 34",34,"Healthcare Framework",1|8|34|229,4
230,"Department 35",34,"Healthcare Framework",1|8|34|230,4
231,"Department 36",34,"Healthcare Framework",1|8|34|231,4
232,"Department 37",88,"Healthcare Framework",1|8|28|88|232,5
233,"Department 38",89,"Healthcare Framework",1|8|28|89|233,5
234,"Department 39",86,"Healthcare Framework",1|8|28|86|234,5
235,"Department 40",86,"Healthcare Framework",1|8|28|86|235,5
236,"Department 41",86,"Healthcare Framework",1|8|28|86|236,5
237,"Department 42",86,"Healthcare Framework",1|8|28|86|237,5
238,"Department 43",86,"Healthcare Framework",1|8|28|86|238,5
239,"Department 44",86,"Healthcare Framework",1|8|28|86|239,5
240,"Department 45",86,"Healthcare Framework",1|8|28|86|240,5
241,"Department 46",86,"Healthcare Framework",1|8|28|86|241,5
242,"Department 47",86,"Healthcare Framework",1|8|28|86|242,5
243,"Department 48",87,"Healthcare Framework",1|8|28|87|243,5
244,"Department 49",87,"Healthcare Framework",1|8|28|87|244,5
245,"Department 50",140,"Healthcare Framework",1|11|62|140|245,5
246,"Department 51",96,"Healthcare Framework",1|11|69|96|246,5
247,"Department 52",96,"Healthcare Framework",1|11|69|96|247,5
248,"Department 53",96,"Healthcare Framework",1|11|69|96|248,5
249,"Department 54",96,"Healthcare Framework",1|11|69|96|249,5
250,"Department 55",96,"Healthcare Framework",1|11|69|96|250,5
251,"Department 56",96,"Healthcare Framework",1|11|69|96|251,5
252,"Department 57",96,"Healthcare Framework",1|11|69|96|252,5
253,"Department 58",193,"Healthcare Framework",1|11|68|193|253,5
254,"Department 59",4,"Healthcare Framework",1|4|254,3
255,"Department 60",92,"Healthcare Framework",1|8|29|92|255,5
256,"Department 61",92,"Healthcare Framework",1|8|29|92|256,5
257,"Department 62",92,"Healthcare Framework",1|8|29|92|257,5
258,"Department 63",92,"Healthcare Framework",1|8|29|92|258,5
259,"Department 64",92,"Healthcare Framework",1|8|29|92|259,5
260,"Department 65",92,"Healthcare Framework",1|8|29|92|260,5
261,"Department 66",92,"Healthcare Framework",1|8|29|92|261,5
262,"Department 67",92,"Healthcare Framework",1|8|29|92|262,5
263,"Department 68",92,"Healthcare Framework",1|8|29|92|263,5
264,"Department 69",186,"Healthcare Framework",1|10|42|186|264,5
265,"Department 70",186,"Healthcare Framework",1|10|42|186|265,5
266,"Department 71",174,"Healthcare Framework",1|11|64|174|266,5
267,"Department 72",174,"Healthcare Framework",1|11|64|174|267,5
268,"Department 73",174,"Healthcare Framework",1|11|64|174|268,5
269,"Department 74",174,"Healthcare Framework",1|11|64|174|269,5
270,"Department 75",174,"Healthcare Framework",1|11|64|174|270,5
271,"Department 76",174,"Healthcare Framework",1|11|64|174|271,5
272,"Department 77",135,"Healthcare Framework",1|11|62|135|272,5
273,"Department 78",135,"Healthcare Framework",1|11|62|135|273,5
274,"Department 79",133,"Healthcare Framework",1|11|62|133|274,5
275,"Department 80",133,"Healthcare Framework",1|11|62|133|275,5
276,"Department 81",133,"Healthcare Framework",1|11|62|133|276,5
277,"Department 82",133,"Healthcare Framework",1|11|62|133|277,5
278,"Department 83",133,"Healthcare Framework",1|11|62|133|278,5
279,"Department 84",133,"Healthcare Framework",1|11|62|133|279,5
280,"Department 85",194,"Healthcare Framework",1|11|68|194|280,5
281,"Department 86",83,"Healthcare Framework",1|10|40|83|281,5
282,"Department 87",83,"Healthcare Framework",1|10|40|83|282,5
283,"Department 88",83,"Healthcare Framework",1|10|40|83|283,5
284,"Department 89",83,"Healthcare Framework",1|10|40|83|284,5
285,"Department 90",83,"Healthcare Framework",1|10|40|83|285,5
286,"Department 91",83,"Healthcare Framework",1|10|40|83|286,5
287,"Department 92",83,"Healthcare Framework",1|10|40|83|287,5
288,"Department 93",83,"Healthcare Framework",1|10|40|83|288,5
289,"Department 94",83,"Healthcare Framework",1|10|40|83|289,5
290,"Department 95",83,"Healthcare Framework",1|10|40|83|290,5
291,"Department 96",130,"Healthcare Framework",1|11|62|130|291,5
292,"Department 97",130,"Healthcare Framework",1|11|62|130|292,5
293,"Department 98",173,"Healthcare Framework",1|11|64|173|293,5
294,"Department 99",16,"Healthcare Framework",1|2|16|294,4
295,"Department 100",16,"Healthcare Framework",1|2|16|295,4
296,"Department 101",16,"Healthcare Framework",1|2|16|296,4
297,"Department 102",16,"Healthcare Framework",1|2|16|297,4
298,"Department 103",16,"Healthcare Framework",1|2|16|298,4
299,"Department 104",5,"Healthcare Framework",1|5|299,3
300,"Department 105",5,"Healthcare Framework",1|5|300,3
301,"Department 106",5,"Healthcare Framework",1|5|301,3
302,"Department 107",5,"Healthcare Framework",1|5|302,3
303,"Department 108",5,"Healthcare Framework",1|5|303,3
304,"Department 109",5,"Healthcare Framework",1|5|304,3
305,"Department 110",5,"Healthcare Framework",1|5|305,3
306,"Department 111",5,"Healthcare Framework",1|5|306,3
307,"Department 112",5,"Healthcare Framework",1|5|307,3
308,"Department 113",5,"Healthcare Framework",1|5|308,3
309,"Department 114",5,"Healthcare Framework",1|5|309,3
310,"Department 115",5,"Healthcare Framework",1|5|310,3
311,"Department 116",5,"Healthcare Framework",1|5|311,3
312,"Department 117",5,"Healthcare Framework",1|5|312,3
313,"Department 118",5,"Healthcare Framework",1|5|313,3
314,"Department 119",5,"Healthcare Framework",1|5|314,3
315,"Department 120",5,"Healthcare Framework",1|5|315,3
316,"Department 121",5,"Healthcare Framework",1|5|316,3
317,"Department 122",5,"Healthcare Framework",1|5|317,3
318,"Department 123",15,"Healthcare Framework",1|2|15|318,4
319,"Department 124",15,"Healthcare Framework",1|2|15|319,4
320,"Department 125",15,"Healthcare Framework",1|2|15|320,4
321,"Department 126",15,"Healthcare Framework",1|2|15|321,4
322,"Department 127",15,"Healthcare Framework",1|2|15|322,4
323,"Department 128",15,"Healthcare Framework",1|2|15|323,4
324,"Department 129",15,"Healthcare Framework",1|2|15|324,4
325,"Department 130",15,"Healthcare Framework",1|2|15|325,4
326,"Department 131",15,"Healthcare Framework",1|2|15|326,4
327,"Department 132",15,"Healthcare Framework",1|2|15|327,4
328,"Department 133",195,"Healthcare Framework",1|11|68|195|328,5
329,"Department 134",6,"Healthcare Framework",1|6|329,3
330,"Department 135",6,"Healthcare Framework",1|6|330,3
331,"Department 136",6,"Healthcare Framework",1|6|331,3
332,"Department 137",6,"Healthcare Framework",1|6|332,3
333,"Department 138",6,"Healthcare Framework",1|6|333,3
334,"Department 139",6,"Healthcare Framework",1|6|334,3
335,"Department 140",6,"Healthcare Framework",1|6|335,3
336,"Department 141",6,"Healthcare Framework",1|6|336,3
337,"Department 142",6,"Healthcare Framework",1|6|337,3
338,"Department 143",6,"Healthcare Framework",1|6|338,3
339,"Department 144",6,"Healthcare Framework",1|6|339,3
340,"Department 145",6,"Healthcare Framework",1|6|340,3
341,"Department 146",6,"Healthcare Framework",1|6|341,3
342,"Department 147",6,"Healthcare Framework",1|6|342,3
343,"Department 148",136,"Healthcare Framework",1|11|62|136|343,5
344,"Department 149",134,"Healthcare Framework",1|11|62|134|344,5
345,"Department 150",134,"Healthcare Framework",1|11|62|134|345,5
346,"Department 151",134,"Healthcare Framework",1|11|62|134|346,5
347,"Department 152",134,"Healthcare Framework",1|11|62|134|347,5
348,"Department 153",134,"Healthcare Framework",1|11|62|134|348,5
349,"Department 154",134,"Healthcare Framework",1|11|62|134|349,5
350,"Department 155",190,"Healthcare Framework",1|11|68|190|350,5
351,"Department 156",190,"Healthcare Framework",1|11|68|190|351,5
352,"Department 157",190,"Healthcare Framework",1|11|68|190|352,5
353,"Department 158",190,"Healthcare Framework",1|11|68|190|353,5
354,"Department 159",190,"Healthcare Framework",1|11|68|190|354,5
355,"Department 160",190,"Healthcare Framework",1|11|68|190|355,5
356,"Department 161",190,"Healthcare Framework",1|11|68|190|356,5
357,"Department 162",190,"Healthcare Framework",1|11|68|190|357,5
358,"Department 163",190,"Healthcare Framework",1|11|68|190|358,5
359,"Department 164",190,"Healthcare Framework",1|11|68|190|359,5
360,"Department 165",190,"Healthcare Framework",1|11|68|190|360,5
361,"Department 166",103,"Healthcare Framework",1|8|32|103|361,5
362,"Department 167",103,"Healthcare Framework",1|8|32|103|362,5
363,"Department 168",103,"Healthcare Framework",1|8|32|103|363,5
364,"Department 169",103,"Healthcare Framework",1|8|32|103|364,5
365,"Department 170",103,"Healthcare Framework",1|8|32|103|365,5
366,"Department 171",103,"Healthcare Framework",1|8|32|103|366,5
367,"Department 172",103,"Healthcare Framework",1|8|32|103|367,5
368,"Department 173",103,"Healthcare Framework",1|8|32|103|368,5
369,"Department 174",103,"Healthcare Framework",1|8|32|103|369,5
370,"Department 175",103,"Healthcare Framework",1|8|32|103|370,5
371,"Department 176",103,"Healthcare Framework",1|8|32|103|371,5
372,"Department 177",103,"Healthcare Framework",1|8|32|103|372,5
373,"Department 178",103,"Healthcare Framework",1|8|32|103|373,5
374,"Department 179",103,"Healthcare Framework",1|8|32|103|374,5
375,"Department 180",103,"Healthcare Framework",1|8|32|103|375,5
376,"Department 181",103,"Healthcare Framework",1|8|32|103|376,5
377,"Department 182",103,"Healthcare Framework",1|8|32|103|377,5
378,"Department 183",95,"Healthcare Framework",1|11|69|95|378,5
379,"Department 184",95,"Healthcare Framework",1|11|69|95|379,5
380,"Department 185",95,"Healthcare Framework",1|11|69|95|380,5
381,"Department 186",95,"Healthcare Framework",1|11|69|95|381,5
382,"Department 187",95,"Healthcare Framework",1|11|69|95|382,5
383,"Department 188",95,"Healthcare Framework",1|11|69|95|383,5
384,"Department 189",95,"Healthcare Framework",1|11|69|95|384,5
385,"Department 190",95,"Healthcare Framework",1|11|69|95|385,5
386,"Department 191",95,"Healthcare Framework",1|11|69|95|386,5
387,"Department 192",95,"Healthcare Framework",1|11|69|95|387,5
388,"Department 193",95,"Healthcare Framework",1|11|69|95|388,5
389,"Department 194",95,"Healthcare Framework",1|11|69|95|389,5
390,"Department 195",95,"Healthcare Framework",1|11|69|95|390,5
391,"Department 196",95,"Healthcare Framework",1|11|69|95|391,5
392,"Department 197",95,"Healthcare Framework",1|11|69|95|392,5
393,"Department 198",95,"Healthcare Framework",1|11|69|95|393,5
394,"Department 199",95,"Healthcare Framework",1|11|69|95|394,5
395,"Department 200",95,"Healthcare Framework",1|11|69|95|395,5
396,"Department 201",95,"Healthcare Framework",1|11|69|95|396,5
397,"Department 202",95,"Healthcare Framework",1|11|69|95|397,5
398,"Department 203",95,"Healthcare Framework",1|11|69|95|398,5
399,"Department 204",95,"Healthcare Framework",1|11|69|95|399,5
400,"Department 205",76,"Healthcare Framework",1|14|76|400,4
401,"Department 206",76,"Healthcare Framework",1|14|76|401,4
402,"Department 207",76,"Healthcare Framework",1|14|76|402,4
403,"Department 208",76,"Healthcare Framework",1|14|76|403,4
404,"Department 209",76,"Healthcare Framework",1|14|76|404,4
405,"Department 210",76,"Healthcare Framework",1|14|76|405,4
406,"Department 211",76,"Healthcare Framework",1|14|76|406,4
407,"Department 212",76,"Healthcare Framework",1|14|76|407,4
408,"Department 213",60,"Healthcare Framework",1|13|60|408,4
409,"Department 214",60,"Healthcare Framework",1|13|60|409,4
410,"Department 215",60,"Healthcare Framework",1|13|60|410,4
411,"Department 216",60,"Healthcare Framework",1|13|60|411,4
412,"Department 217",60,"Healthcare Framework",1|13|60|412,4
413,"Department 218",60,"Healthcare Framework",1|13|60|413,4
414,"Department 219",60,"Healthcare Framework",1|13|60|414,4
415,"Department 220",144,"Healthcare Framework",1|10|41|144|415,5
416,"Department 221",144,"Healthcare Framework",1|10|41|144|416,5
417,"Department 222",144,"Healthcare Framework",1|10|41|144|417,5
418,"Department 223",144,"Healthcare Framework",1|10|41|144|418,5
419,"Department 224",144,"Healthcare Framework",1|10|41|144|419,5
420,"Department 225",144,"Healthcare Framework",1|10|41|144|420,5
421,"Department 226",144,"Healthcare Framework",1|10|41|144|421,5
422,"Department 227",144,"Healthcare Framework",1|10|41|144|422,5
423,"Department 228",144,"Healthcare Framework",1|10|41|144|423,5
424,"Department 229",144,"Healthcare Framework",1|10|41|144|424,5
425,"Department 230",144,"Healthcare Framework",1|10|41|144|425,5
426,"Department 231",144,"Healthcare Framework",1|10|41|144|426,5
427,"Department 232",144,"Healthcare Framework",1|10|41|144|427,5
428,"Department 233",144,"Healthcare Framework",1|10|41|144|428,5
429,"Department 234",144,"Healthcare Framework",1|10|41|144|429,5
430,"Department 235",144,"Healthcare Framework",1|10|41|144|430,5
431,"Department 236",144,"Healthcare Framework",1|10|41|144|431,5
432,"Department 237",144,"Healthcare Framework",1|10|41|144|432,5
433,"Department 238",144,"Healthcare Framework",1|10|41|144|433,5
434,"Department 239",144,"Healthcare Framework",1|10|41|144|434,5
435,"Department 240",144,"Healthcare Framework",1|10|41|144|435,5
436,"Department 241",144,"Healthcare Framework",1|10|41|144|436,5
437,"Department 242",144,"Healthcare Framework",1|10|41|144|437,5
438,"Department 243",144,"Healthcare Framework",1|10|41|144|438,5
439,"Department 244",144,"Healthcare Framework",1|10|41|144|439,5
440,"Department 245",144,"Healthcare Framework",1|10|41|144|440,5
441,"Department 246",144,"Healthcare Framework",1|10|41|144|441,5
442,"Department 247",144,"Healthcare Framework",1|10|41|144|442,5
443,"Department 248",144,"Healthcare Framework",1|10|41|144|443,5
444,"Department 249",144,"Healthcare Framework",1|10|41|144|444,5
445,"Department 250",144,"Healthcare Framework",1|10|41|144|445,5
446,"Department 251",144,"Healthcare Framework",1|10|41|144|446,5
447,"Department 252",144,"Healthcare Framework",1|10|41|144|447,5
448,"Department 253",144,"Healthcare Framework",1|10|41|144|448,5
449,"Department 254",144,"Healthcare Framework",1|10|41|144|449,5
450,"Department 255",144,"Healthcare Framework",1|10|41|144|450,5
451,"Department 256",144,"Healthcare Framework",1|10|41|144|451,5
452,"Department 257",82,"Healthcare Framework",1|11|67|82|452,5
453,"Department 258",22,"Healthcare Framework",1|3|22|453,4
454,"Department 259",20,"Healthcare Framework",1|3|20|454,4
455,"Department 260",75,"Healthcare Framework",1|14|75|455,4
456,"Department 261",75,"Healthcare Framework",1|14|75|456,4
457,"Department 262",75,"Healthcare Framework",1|14|75|457,4
458,"Department 263",75,"Healthcare Framework",1|14|75|458,4
459,"Department 264",75,"Healthcare Framework",1|14|75|459,4
460,"Department 265",109,"Healthcare Framework",1|8|31|109|460,5
461,"Department 266",109,"Healthcare Framework",1|8|31|109|461,5
462,"Department 267",109,"Healthcare Framework",1|8|31|109|462,5
463,"Department 268",109,"Healthcare Framework",1|8|31|109|463,5
464,"Department 269",109,"Healthcare Framework",1|8|31|109|464,5
465,"Department 270",109,"Healthcare Framework",1|8|31|109|465,5
466,"Department 271",109,"Healthcare Framework",1|8|31|109|466,5
467,"Department 272",109,"Healthcare Framework",1|8|31|109|467,5
468,"Department 273",109,"Healthcare Framework",1|8|31|109|468,5
469,"Department 274",109,"Healthcare Framework",1|8|31|109|469,5
470,"Department 275",109,"Healthcare Framework",1|8|31|109|470,5
471,"Department 276",109,"Healthcare Framework",1|8|31|109|471,5
472,"Department 277",109,"Healthcare Framework",1|8|31|109|472,5
473,"Department 278",109,"Healthcare Framework",1|8|31|109|473,5
474,"Department 279",109,"Healthcare Framework",1|8|31|109|474,5
475,"Department 280",109,"Healthcare Framework",1|8|31|109|475,5
476,"Department 281",109,"Healthcare Framework",1|8|31|109|476,5
477,"Department 282",191,"Healthcare Framework",1|11|68|191|477,5
478,"Department 283",191,"Healthcare Framework",1|11|68|191|478,5
479,"Department 284",191,"Healthcare Framework",1|11|68|191|479,5
480,"Department 285",191,"Healthcare Framework",1|11|68|191|480,5
481,"Department 286",191,"Healthcare Framework",1|11|68|191|481,5
482,"Department 287",191,"Healthcare Framework",1|11|68|191|482,5
483,"Department 288",97,"Healthcare Framework",1|11|69|97|483,5
484,"Department 289",97,"Healthcare Framework",1|11|69|97|484,5
485,"Department 290",7,"Healthcare Framework",1|7|485,3
486,"Department 291",94,"Healthcare Framework",1|8|29|94|486,5
487,"Department 292",94,"Healthcare Framework",1|8|29|94|487,5
488,"Department 293",94,"Healthcare Framework",1|8|29|94|488,5
489,"Department 294",94,"Healthcare Framework",1|8|29|94|489,5
490,"Department 295",94,"Healthcare Framework",1|8|29|94|490,5
491,"Department 296",94,"Healthcare Framework",1|8|29|94|491,5
492,"Department 297",94,"Healthcare Framework",1|8|29|94|492,5
493,"Department 298",94,"Healthcare Framework",1|8|29|94|493,5
494,"Department 299",94,"Healthcare Framework",1|8|29|94|494,5
495,"Department 300",94,"Healthcare Framework",1|8|29|94|495,5
496,"Department 301",94,"Healthcare Framework",1|8|29|94|496,5
497,"Department 302",94,"Healthcare Framework",1|8|29|94|497,5
498,"Department 303",94,"Healthcare Framework",1|8|29|94|498,5
499,"Department 304",94,"Healthcare Framework",1|8|29|94|499,5
500,"Department 305",35,"Healthcare Framework",1|8|35|500,4
501,"Department 306",114,"Healthcare Framework",1|8|33|114|501,5
502,"Department 307",114,"Healthcare Framework",1|8|33|114|502,5
503,"Department 308",114,"Healthcare Framework",1|8|33|114|503,5
504,"Department 309",114,"Healthcare Framework",1|8|33|114|504,5
505,"Department 310",114,"Healthcare Framework",1|8|33|114|505,5
506,"Department 311",114,"Healthcare Framework",1|8|33|114|506,5
507,"Department 312",114,"Healthcare Framework",1|8|33|114|507,5
508,"Department 313",114,"Healthcare Framework",1|8|33|114|508,5
509,"Department 314",114,"Healthcare Framework",1|8|33|114|509,5
510,"Department 315",116,"Healthcare Framework",1|8|33|116|510,5
511,"Department 316",116,"Healthcare Framework",1|8|33|116|511,5
512,"Department 317",116,"Healthcare Framework",1|8|33|116|512,5
513,"Department 318",116,"Healthcare Framework",1|8|33|116|513,5
514,"Department 319",116,"Healthcare Framework",1|8|33|116|514,5
515,"Department 320",116,"Healthcare Framework",1|8|33|116|515,5
516,"Department 321",116,"Healthcare Framework",1|8|33|116|516,5
517,"Department 322",118,"Healthcare Framework",1|8|33|118|517,5
518,"Department 323",117,"Healthcare Framework",1|8|33|117|518,5
519,"Department 324",117,"Healthcare Framework",1|8|33|117|519,5
520,"Department 325",113,"Healthcare Framework",1|8|33|113|520,5
521,"Department 326",113,"Healthcare Framework",1|8|33|113|521,5
522,"Department 327",113,"Healthcare Framework",1|8|33|113|522,5
523,"Department 328",113,"Healthcare Framework",1|8|33|113|523,5
524,"Department 329",113,"Healthcare Framework",1|8|33|113|524,5
525,"Department 330",113,"Healthcare Framework",1|8|33|113|525,5
526,"Department 331",113,"Healthcare Framework",1|8|33|113|526,5
527,"Department 332",113,"Healthcare Framework",1|8|33|113|527,5
528,"Department 333",113,"Healthcare Framework",1|8|33|113|528,5
529,"Department 334",113,"Healthcare Framework",1|8|33|113|529,5
530,"Department 335",113,"Healthcare Framework",1|8|33|113|530,5
531,"Department 336",78,"Healthcare Framework",1|14|78|531,4
532,"Department 337",78,"Healthcare Framework",1|14|78|532,4
533,"Department 338",78,"Healthcare Framework",1|14|78|533,4
534,"Department 339",176,"Healthcare Framework",1|11|63|176|534,5
535,"Department 340",176,"Healthcare Framework",1|11|63|176|535,5
536,"Department 341",74,"Healthcare Framework",1|14|74|536,4
537,"Department 342",74,"Healthcare Framework",1|14|74|537,4
538,"Department 343",74,"Healthcare Framework",1|14|74|538,4
539,"Department 344",74,"Healthcare Framework",1|14|74|539,4
540,"Department 345",175,"Healthcare Framework",1|11|63|175|540,5
541,"Department 346",175,"Healthcare Framework",1|11|63|175|541,5
542,"Department 347",9,"Healthcare Framework",1|9|542,3
543,"Department 348",9,"Healthcare Framework",1|9|543,3
544,"Department 349",9,"Healthcare Framework",1|9|544,3
545,"Department 350",9,"Healthcare Framework",1|9|545,3
546,"Department 351",9,"Healthcare Framework",1|9|546,3
547,"Department 352",9,"Healthcare Framework",1|9|547,3
548,"Department 353",9,"Healthcare Framework",1|9|548,3
549,"Department 354",9,"Healthcare Framework",1|9|549,3
550,"Department 355",9,"Healthcare Framework",1|9|550,3
551,"Department 356",9,"Healthcare Framework",1|9|551,3
552,"Department 357",9,"Healthcare Framework",1|9|552,3
553,"Department 358",9,"Healthcare Framework",1|9|553,3
554,"Department 359",9,"Healthcare Framework",1|9|554,3
555,"Department 360",9,"Healthcare Framework",1|9|555,3
556,"Department 361",9,"Healthcare Framework",1|9|556,3
557,"Department 362",9,"Healthcare Framework",1|9|557,3
558,"Department 363",9,"Healthcare Framework",1|9|558,3
559,"Department 364",9,"Healthcare Framework",1|9|559,3
560,"Department 365",9,"Healthcare Framework",1|9|560,3
561,"Department 366",9,"Healthcare Framework",1|9|561,3
562,"Department 367",126,"Healthcare Framework",1|11|66|126|562,5
563,"Department 368",126,"Healthcare Framework",1|11|66|126|563,5
564,"Department 369",126,"Healthcare Framework",1|11|66|126|564,5
565,"Department 370",126,"Healthcare Framework",1|11|66|126|565,5
566,"Department 371",126,"Healthcare Framework",1|11|66|126|566,5
567,"Department 372",126,"Healthcare Framework",1|11|66|126|567,5
568,"Department 373",126,"Healthcare Framework",1|11|66|126|568,5
569,"Department 374",126,"Healthcare Framework",1|11|66|126|569,5
570,"Department 375",126,"Healthcare Framework",1|11|66|126|570,5
571,"Department 376",126,"Healthcare Framework",1|11|66|126|571,5
572,"Department 377",126,"Healthcare Framework",1|11|66|126|572,5
573,"Department 378",126,"Healthcare Framework",1|11|66|126|573,5
574,"Department 379",126,"Healthcare Framework",1|11|66|126|574,5
575,"Department 380",126,"Healthcare Framework",1|11|66|126|575,5
576,"Department 381",126,"Healthcare Framework",1|11|66|126|576,5
577,"Department 382",139,"Healthcare Framework",1|11|62|139|577,5
578,"Department 383",19,"Healthcare Framework",1|3|19|578,4
579,"Department 384",81,"Healthcare Framework",1|11|67|81|579,5
580,"Department 385",187,"Healthcare Framework",1|10|42|187|580,5
581,"Department 386",187,"Healthcare Framework",1|10|42|187|581,5
582,"Department 387",187,"Healthcare Framework",1|10|42|187|582,5
583,"Department 388",187,"Healthcare Framework",1|10|42|187|583,5
584,"Department 389",187,"Healthcare Framework",1|10|42|187|584,5
585,"Department 390",187,"Healthcare Framework",1|10|42|187|585,5
586,"Department 391",187,"Healthcare Framework",1|10|42|187|586,5
587,"Department 392",187,"Healthcare Framework",1|10|42|187|587,5
588,"Department 393",187,"Healthcare Framework",1|10|42|187|588,5
589,"Department 394",187,"Healthcare Framework",1|10|42|187|589,5
590,"Department 395",170,"Healthcare Framework",1|11|64|170|590,5
591,"Department 396",170,"Healthcare Framework",1|11|64|170|591,5
592,"Department 397",141,"Healthcare Framework",1|11|62|141|592,5
593,"Department 398",65,"Healthcare Framework",1|11|65|593,4
594,"Department 399",65,"Healthcare Framework",1|11|65|594,4
595,"Department 400",65,"Healthcare Framework",1|11|65|595,4
596,"Department 401",178,"Healthcare Framework",1|11|63|178|596,5
597,"Department 402",178,"Healthcare Framework",1|11|63|178|597,5
598,"Department 403",178,"Healthcare Framework",1|11|63|178|598,5
599,"Department 404",178,"Healthcare Framework",1|11|63|178|599,5
600,"Department 405",178,"Healthcare Framework",1|11|63|178|600,5
601,"Department 406",178,"Healthcare Framework",1|11|63|178|601,5
602,"Department 407",178,"Healthcare Framework",1|11|63|178|602,5
603,"Department 408",178,"Healthcare Framework",1|11|63|178|603,5
604,"Department 409",71,"Healthcare Framework",1|11|71|604,4
605,"Department 410",71,"Healthcare Framework",1|11|71|605,4
606,"Department 411",145,"Healthcare Framework",1|10|41|145|606,5
607,"Department 412",145,"Healthcare Framework",1|10|41|145|607,5
608,"Department 413",145,"Healthcare Framework",1|10|41|145|608,5
609,"Department 414",145,"Healthcare Framework",1|10|41|145|609,5
610,"Department 415",145,"Healthcare Framework",1|10|41|145|610,5
611,"Department 416",145,"Healthcare Framework",1|10|41|145|611,5
612,"Department 417",145,"Healthcare Framework",1|10|41|145|612,5
613,"Department 418",145,"Healthcare Framework",1|10|41|145|613,5
614,"Department 419",145,"Healthcare Framework",1|10|41|145|614,5
615,"Department 420",145,"Healthcare Framework",1|10|41|145|615,5
616,"Department 421",145,"Healthcare Framework",1|10|41|145|616,5
617,"Department 422",145,"Healthcare Framework",1|10|41|145|617,5
618,"Department 423",145,"Healthcare Framework",1|10|41|145|618,5
619,"Department 424",145,"Healthcare Framework",1|10|41|145|619,5
620,"Department 425",145,"Healthcare Framework",1|10|41|145|620,5
621,"Department 426",145,"Healthcare Framework",1|10|41|145|621,5
622,"Department 427",128,"Healthcare Framework",1|11|72|128|622,5
623,"Department 428",168,"Healthcare Framework",1|10|39|168|623,5
624,"Department 429",168,"Healthcare Framework",1|10|39|168|624,5
625,"Department 430",168,"Healthcare Framework",1|10|39|168|625,5
626,"Department 431",168,"Healthcare Framework",1|10|39|168|626,5
627,"Department 432",168,"Healthcare Framework",1|10|39|168|627,5
628,"Department 433",168,"Healthcare Framework",1|10|39|168|628,5
629,"Department 434",168,"Healthcare Framework",1|10|39|168|629,5
630,"Department 435",168,"Healthcare Framework",1|10|39|168|630,5
631,"Department 436",168,"Healthcare Framework",1|10|39|168|631,5
632,"Department 437",168,"Healthcare Framework",1|10|39|168|632,5
633,"Department 438",168,"Healthcare Framework",1|10|39|168|633,5
634,"Department 439",168,"Healthcare Framework",1|10|39|168|634,5
635,"Department 440",168,"Healthcare Framework",1|10|39|168|635,5
636,"Department 441",168,"Healthcare Framework",1|10|39|168|636,5
637,"Department 442",168,"Healthcare Framework",1|10|39|168|637,5
638,"Department 443",168,"Healthcare Framework",1|10|39|168|638,5
639,"Department 444",168,"Healthcare Framework",1|10|39|168|639,5
640,"Department 445",168,"Healthcare Framework",1|10|39|168|640,5
641,"Department 446",168,"Healthcare Framework",1|10|39|168|641,5
642,"Department 447",168,"Healthcare Framework",1|10|39|168|642,5
643,"Department 448",168,"Healthcare Framework",1|10|39|168|643,5
644,"Department 449",168,"Healthcare Framework",1|10|39|168|644,5
645,"Department 450",168,"Healthcare Framework",1|10|39|168|645,5
646,"Department 451",168,"Healthcare Framework",1|10|39|168|646,5
647,"Department 452",168,"Healthcare Framework",1|10|39|168|647,5
648,"Department 453",168,"Healthcare Framework",1|10|39|168|648,5
649,"Department 454",168,"Healthcare Framework",1|10|39|168|649,5
650,"Department 455",168,"Healthcare Framework",1|10|39|168|650,5
651,"Department 456",168,"Healthcare Framework",1|10|39|168|651,5
652,"Department 457",168,"Healthcare Framework",1|10|39|168|652,5
653,"Department 458",168,"Healthcare Framework",1|10|39|168|653,5
654,"Department 459",168,"Healthcare Framework",1|10|39|168|654,5
655,"Department 460",168,"Healthcare Framework",1|10|39|168|655,5
656,"Department 461",168,"Healthcare Framework",1|10|39|168|656,5
657,"Department 462",168,"Healthcare Framework",1|10|39|168|657,5
658,"Department 463",168,"Healthcare Framework",1|10|39|168|658,5
659,"Department 464",168,"Healthcare Framework",1|10|39|168|659,5
660,"Department 465",168,"Healthcare Framework",1|10|39|168|660,5
661,"Department 466",168,"Healthcare Framework",1|10|39|168|661,5
662,"Department 467",168,"Healthcare Framework",1|10|39|168|662,5
663,"Department 468",125,"Healthcare Framework",1|11|66|125|663,5
664,"Department 469",125,"Healthcare Framework",1|11|66|125|664,5
665,"Department 470",125,"Healthcare Framework",1|11|66|125|665,5
666,"Department 471",125,"Healthcare Framework",1|11|66|125|666,5
667,"Department 472",125,"Healthcare Framework",1|11|66|125|667,5
668,"Department 473",125,"Healthcare Framework",1|11|66|125|668,5
669,"Department 474",125,"Healthcare Framework",1|11|66|125|669,5
670,"Department 475",125,"Healthcare Framework",1|11|66|125|670,5
671,"Department 476",125,"Healthcare Framework",1|11|66|125|671,5
672,"Department 477",125,"Healthcare Framework",1|11|66|125|672,5
673,"Department 478",125,"Healthcare Framework",1|11|66|125|673,5
674,"Department 479",125,"Healthcare Framework",1|11|66|125|674,5
675,"Department 480",125,"Healthcare Framework",1|11|66|125|675,5
676,"Department 481",125,"Healthcare Framework",1|11|66|125|676,5
677,"Department 482",125,"Healthcare Framework",1|11|66|125|677,5
678,"Department 483",125,"Healthcare Framework",1|11|66|125|678,5
679,"Department 484",125,"Healthcare Framework",1|11|66|125|679,5
680,"Department 485",125,"Healthcare Framework",1|11|66|125|680,5
681,"Department 486",125,"Healthcare Framework",1|11|66|125|681,5
682,"Department 487",125,"Healthcare Framework",1|11|66|125|682,5
683,"Department 488",125,"Healthcare Framework",1|11|66|125|683,5
684,"Department 489",125,"Healthcare Framework",1|11|66|125|684,5
685,"Department 490",125,"Healthcare Framework",1|11|66|125|685,5
686,"Department 491",125,"Healthcare Framework",1|11|66|125|686,5
687,"Department 492",125,"Healthcare Framework",1|11|66|125|687,5
688,"Department 493",77,"Healthcare Framework",1|14|77|688,4
689,"Department 494",77,"Healthcare Framework",1|14|77|689,4
690,"Department 495",77,"Healthcare Framework",1|14|77|690,4
691,"Department 496",77,"Healthcare Framework",1|14|77|691,4
692,"Department 497",77,"Healthcare Framework",1|14|77|692,4
693,"Department 498",77,"Healthcare Framework",1|14|77|693,4
694,"Department 499",138,"Healthcare Framework",1|11|62|138|694,5
695,"Department 500",138,"Healthcare Framework",1|11|62|138|695,5
696,"Department 501",189,"Healthcare Framework",1|10|42|189|696,5
697,"Department 502",189,"Healthcare Framework",1|10|42|189|697,5
698,"Department 503",189,"Healthcare Framework",1|10|42|189|698,5
699,"Department 504",189,"Healthcare Framework",1|10|42|189|699,5
700,"Department 505",189,"Healthcare Framework",1|10|42|189|700,5
701,"Department 506",189,"Healthcare Framework",1|10|42|189|701,5
702,"Department 507",189,"Healthcare Framework",1|10|42|189|702,5
703,"Department 508",189,"Healthcare Framework",1|10|42|189|703,5
704,"Department 509",189,"Healthcare Framework",1|10|42|189|704,5
705,"Department 510",189,"Healthcare Framework",1|10|42|189|705,5
706,"Department 511",189,"Healthcare Framework",1|10|42|189|706,5
707,"Department 512",189,"Healthcare Framework",1|10|42|189|707,5
708,"Department 513",189,"Healthcare Framework",1|10|42|189|708,5
709,"Department 514",189,"Healthcare Framework",1|10|42|189|709,5
710,"Department 515",189,"Healthcare Framework",1|10|42|189|710,5
711,"Department 516",102,"Healthcare Framework",1|8|32|102|711,5
712,"Department 517",102,"Healthcare Framework",1|8|32|102|712,5
713,"Department 518",102,"Healthcare Framework",1|8|32|102|713,5
714,"Department 519",102,"Healthcare Framework",1|8|32|102|714,5
715,"Department 520",102,"Healthcare Framework",1|8|32|102|715,5
716,"Department 521",102,"Healthcare Framework",1|8|32|102|716,5
717,"Department 522",102,"Healthcare Framework",1|8|32|102|717,5
718,"Department 523",102,"Healthcare Framework",1|8|32|102|718,5
719,"Department 524",102,"Healthcare Framework",1|8|32|102|719,5
720,"Department 525",102,"Healthcare Framework",1|8|32|102|720,5
721,"Department 526",102,"Healthcare Framework",1|8|32|102|721,5
722,"Department 527",102,"Healthcare Framework",1|8|32|102|722,5
723,"Department 528",102,"Healthcare Framework",1|8|32|102|723,5
724,"Department 529",102,"Healthcare Framework",1|8|32|102|724,5
725,"Department 530",102,"Healthcare Framework",1|8|32|102|725,5
726,"Department 531",102,"Healthcare Framework",1|8|32|102|726,5
727,"Department 532",102,"Healthcare Framework",1|8|32|102|727,5
728,"Department 533",18,"Healthcare Framework",1|3|18|728,4
729,"Department 534",18,"Healthcare Framework",1|3|18|729,4
730,"Department 535",18,"Healthcare Framework",1|3|18|730,4
731,"Department 536",26,"Healthcare Framework",1|6|26|731,4
732,"Department 537",26,"Healthcare Framework",1|6|26|732,4
733,"Department 538",26,"Healthcare Framework",1|6|26|733,4
734,"Department 539",26,"Healthcare Framework",1|6|26|734,4
735,"Department 540",26,"Healthcare Framework",1|6|26|735,4
736,"Department 541",142,"Healthcare Framework",1|11|62|142|736,5
737,"Department 542",17,"Healthcare Framework",1|2|17|737,4
738,"Department 543",17,"Healthcare Framework",1|2|17|738,4
739,"Department 544",43,"Healthcare Framework",1|10|43|739,4
740,"Department 545",48,"Healthcare Framework",1|12|48|740,4
741,"Department 546",48,"Healthcare Framework",1|12|48|741,4
742,"Department 547",48,"Healthcare Framework",1|12|48|742,4
743,"Department 548",48,"Healthcare Framework",1|12|48|743,4
744,"Department 549",48,"Healthcare Framework",1|12|48|744,4
745,"Department 550",48,"Healthcare Framework",1|12|48|745,4
746,"Department 551",48,"Healthcare Framework",1|12|48|746,4
747,"Department 552",48,"Healthcare Framework",1|12|48|747,4
748,"Department 553",48,"Healthcare Framework",1|12|48|748,4
749,"Department 554",48,"Healthcare Framework",1|12|48|749,4
750,"Department 555",48,"Healthcare Framework",1|12|48|750,4
751,"Department 556",48,"Healthcare Framework",1|12|48|751,4
752,"Department 557",48,"Healthcare Framework",1|12|48|752,4
753,"Department 558",48,"Healthcare Framework",1|12|48|753,4
754,"Department 559",48,"Healthcare Framework",1|12|48|754,4
755,"Department 560",48,"Healthcare Framework",1|12|48|755,4
756,"Department 561",48,"Healthcare Framework",1|12|48|756,4
757,"Department 562",48,"Healthcare Framework",1|12|48|757,4
758,"Department 563",48,"Healthcare Framework",1|12|48|758,4
759,"Department 564",46,"Healthcare Framework",1|12|46|759,4
760,"Department 565",46,"Healthcare Framework",1|12|46|760,4
761,"Department 566",46,"Healthcare Framework",1|12|46|761,4
762,"Department 567",51,"Healthcare Framework",1|12|51|762,4
763,"Department 568",51,"Healthcare Framework",1|12|51|763,4
764,"Department 569",51,"Healthcare Framework",1|12|51|764,4
765,"Department 570",51,"Healthcare Framework",1|12|51|765,4
766,"Department 571",51,"Healthcare Framework",1|12|51|766,4
767,"Department 572",51,"Healthcare Framework",1|12|51|767,4
768,"Department 573",53,"Healthcare Framework",1|12|53|768,4
769,"Department 574",53,"Healthcare Framework",1|12|53|769,4
770,"Department 575",53,"Healthcare Framework",1|12|53|770,4
771,"Department 576",53,"Healthcare Framework",1|12|53|771,4
772,"Department 577",53,"Healthcare Framework",1|12|53|772,4
773,"Department 578",53,"Healthcare Framework",1|12|53|773,4
774,"Department 579",53,"Healthcare Framework",1|12|53|774,4
775,"Department 580",53,"Healthcare Framework",1|12|53|775,4
776,"Department 581",53,"Healthcare Framework",1|12|53|776,4
777,"Department 582",53,"Healthcare Framework",1|12|53|777,4
778,"Department 583",53,"Healthcare Framework",1|12|53|778,4
779,"Department 584",53,"Healthcare Framework",1|12|53|779,4
780,"Department 585",56,"Healthcare Framework",1|12|56|780,4
781,"Department 586",56,"Healthcare Framework",1|12|56|781,4
782,"Department 587",59,"Healthcare Framework",1|12|59|782,4
783,"Department 588",59,"Healthcare Framework",1|12|59|783,4
784,"Department 589",59,"Healthcare Framework",1|12|59|784,4
785,"Department 590",45,"Healthcare Framework",1|12|45|785,4
786,"Department 591",45,"Healthcare Framework",1|12|45|786,4
787,"Department 592",45,"Healthcare Framework",1|12|45|787,4
788,"Department 593",45,"Healthcare Framework",1|12|45|788,4
789,"Department 594",45,"Healthcare Framework",1|12|45|789,4
790,"Department 595",45,"Healthcare Framework",1|12|45|790,4
791,"Department 596",58,"Healthcare Framework",1|12|58|791,4
792,"Department 597",50,"Healthcare Framework",1|12|50|792,4
793,"Department 598",50,"Healthcare Framework",1|12|50|793,4
794,"Department 599",50,"Healthcare Framework",1|12|50|794,4
795,"Department 600",50,"Healthcare Framework",1|12|50|795,4
796,"Department 601",50,"Healthcare Framework",1|12|50|796,4
797,"Department 602",55,"Healthcare Framework",1|12|55|797,4
798,"Department 603",52,"Healthcare Framework",1|12|52|798,4
799,"Department 604",52,"Healthcare Framework",1|12|52|799,4
800,"Department 605",52,"Healthcare Framework",1|12|52|800,4
801,"Department 606",52,"Healthcare Framework",1|12|52|801,4
802,"Department 607",52,"Healthcare Framework",1|12|52|802,4
803,"Department 608",52,"Healthcare Framework",1|12|52|803,4
804,"Department 609",52,"Healthcare Framework",1|12|52|804,4
805,"Department 610",52,"Healthcare Framework",1|12|52|805,4
806,"Department 611",52,"Healthcare Framework",1|12|52|806,4
807,"Department 612",52,"Healthcare Framework",1|12|52|807,4
808,"Department 613",47,"Healthcare Framework",1|12|47|808,4
809,"Department 614",47,"Healthcare Framework",1|12|47|809,4
810,"Department 615",47,"Healthcare Framework",1|12|47|810,4
811,"Department 616",47,"Healthcare Framework",1|12|47|811,4
812,"Department 617",47,"Healthcare Framework",1|12|47|812,4
813,"Department 618",47,"Healthcare Framework",1|12|47|813,4
814,"Department 619",47,"Healthcare Framework",1|12|47|814,4
815,"Department 620",47,"Healthcare Framework",1|12|47|815,4
816,"Department 621",47,"Healthcare Framework",1|12|47|816,4
817,"Department 622",47,"Healthcare Framework",1|12|47|817,4
818,"Department 623",47,"Healthcare Framework",1|12|47|818,4
819,"Department 624",47,"Healthcare Framework",1|12|47|819,4
820,"Department 625",47,"Healthcare Framework",1|12|47|820,4
821,"Department 626",47,"Healthcare Framework",1|12|47|821,4
822,"Department 627",49,"Healthcare Framework",1|12|49|822,4
823,"Department 628",49,"Healthcare Framework",1|12|49|823,4
824,"Department 629",49,"Healthcare Framework",1|12|49|824,4
825,"Department 630",49,"Healthcare Framework",1|12|49|825,4
826,"Department 631",49,"Healthcare Framework",1|12|49|826,4
827,"Department 632",49,"Healthcare Framework",1|12|49|827,4
828,"Department 633",57,"Healthcare Framework",1|12|57|828,4
829,"Department 634",57,"Healthcare Framework",1|12|57|829,4
830,"Department 635",57,"Healthcare Framework",1|12|57|830,4
831,"Department 636",57,"Healthcare Framework",1|12|57|831,4
832,"Department 637",54,"Healthcare Framework",1|12|54|832,4
833,"Department 638",54,"Healthcare Framework",1|12|54|833,4
834,"Department 639",188,"Healthcare Framework",1|10|42|188|834,5
835,"Department 640",188,"Healthcare Framework",1|10|42|188|835,5
836,"Department 641",93,"Healthcare Framework",1|8|29|93|836,5
837,"Department 642",93,"Healthcare Framework",1|8|29|93|837,5
838,"Department 643",93,"Healthcare Framework",1|8|29|93|838,5
839,"Department 644",93,"Healthcare Framework",1|8|29|93|839,5
840,"Department 645",93,"Healthcare Framework",1|8|29|93|840,5
841,"Department 646",93,"Healthcare Framework",1|8|29|93|841,5
842,"Department 647",93,"Healthcare Framework",1|8|29|93|842,5
843,"Department 648",93,"Healthcare Framework",1|8|29|93|843,5
844,"Department 649",93,"Healthcare Framework",1|8|29|93|844,5
845,"Department 650",93,"Healthcare Framework",1|8|29|93|845,5
846,"Department 651",110,"Healthcare Framework",1|8|31|110|846,5
847,"Department 652",110,"Healthcare Framework",1|8|31|110|847,5
848,"Department 653",110,"Healthcare Framework",1|8|31|110|848,5
849,"Department 654",110,"Healthcare Framework",1|8|31|110|849,5
850,"Department 655",110,"Healthcare Framework",1|8|31|110|850,5
851,"Department 656",110,"Healthcare Framework",1|8|31|110|851,5
852,"Department 657",110,"Healthcare Framework",1|8|31|110|852,5
853,"Department 658",110,"Healthcare Framework",1|8|31|110|853,5
854,"Department 659",110,"Healthcare Framework",1|8|31|110|854,5
855,"Department 660",110,"Healthcare Framework",1|8|31|110|855,5
856,"Department 661",110,"Healthcare Framework",1|8|31|110|856,5
857,"Department 662",110,"Healthcare Framework",1|8|31|110|857,5
858,"Department 663",110,"Healthcare Framework",1|8|31|110|858,5
859,"Department 664",110,"Healthcare Framework",1|8|31|110|859,5
860,"Department 665",110,"Healthcare Framework",1|8|31|110|860,5
861,"Department 666",110,"Healthcare Framework",1|8|31|110|861,5
862,"Department 667",110,"Healthcare Framework",1|8|31|110|862,5
863,"Department 668",110,"Healthcare Framework",1|8|31|110|863,5
864,"Department 669",110,"Healthcare Framework",1|8|31|110|864,5
865,"Department 670",110,"Healthcare Framework",1|8|31|110|865,5
866,"Department 671",131,"Healthcare Framework",1|11|62|131|866,5
867,"Department 672",131,"Healthcare Framework",1|11|62|131|867,5
868,"Department 673",131,"Healthcare Framework",1|11|62|131|868,5
869,"Department 674",131,"Healthcare Framework",1|11|62|131|869,5
870,"Department 675",131,"Healthcare Framework",1|11|62|131|870,5
871,"Department 676",143,"Healthcare Framework",1|11|62|143|871,5
872,"Department 677",129,"Healthcare Framework",1|11|62|129|872,5
873,"Department 678",129,"Healthcare Framework",1|11|62|129|873,5
874,"Department 679",129,"Healthcare Framework",1|11|62|129|874,5
875,"Department 680",129,"Healthcare Framework",1|11|62|129|875,5
876,"Department 681",129,"Healthcare Framework",1|11|62|129|876,5
877,"Department 682",177,"Healthcare Framework",1|11|63|177|877,5
878,"Department 683",177,"Healthcare Framework",1|11|63|177|878,5
879,"Department 684",12,"Healthcare Framework",1|12|879,3
880,"Department 685",12,"Healthcare Framework",1|12|880,3
881,"Department 686",115,"Healthcare Framework",1|8|33|115|881,5
882,"Department 687",115,"Healthcare Framework",1|8|33|115|882,5
883,"Department 688",115,"Healthcare Framework",1|8|33|115|883,5
884,"Department 689",36,"Healthcare Framework",1|8|36|884,4
885,"Department 690",37,"Healthcare Framework",1|8|37|885,4
886,"Department 691",137,"Healthcare Framework",1|11|62|137|886,5
887,"Department 692",137,"Healthcare Framework",1|11|62|137|887,5
888,"Department 693",137,"Healthcare Framework",1|11|62|137|888,5
889,"Department 694",172,"Healthcare Framework",1|11|64|172|889,5
890,"Department 695",172,"Healthcare Framework",1|11|64|172|890,5
891,"Department 696",172,"Healthcare Framework",1|11|64|172|891,5
892,"Department 697",172,"Healthcare Framework",1|11|64|172|892,5
893,"Department 698",172,"Healthcare Framework",1|11|64|172|893,5
894,"Department 699",172,"Healthcare Framework",1|11|64|172|894,5
895,"Department 700",172,"Healthcare Framework",1|11|64|172|895,5
896,"Department 701",172,"Healthcare Framework",1|11|64|172|896,5
897,"Department 702",172,"Healthcare Framework",1|11|64|172|897,5
898,"Department 703",172,"Healthcare Framework",1|11|64|172|898,5
899,"Department 704",172,"Healthcare Framework",1|11|64|172|899,5
900,"Department 705",169,"Healthcare Framework",1|10|39|169|900,5
901,"Department 706",169,"Healthcare Framework",1|10|39|169|901,5
902,"Department 707",169,"Healthcare Framework",1|10|39|169|902,5
903,"Department 708",169,"Healthcare Framework",1|10|39|169|903,5
904,"Department 709",169,"Healthcare Framework",1|10|39|169|904,5
905,"Department 710",169,"Healthcare Framework",1|10|39|169|905,5
906,"Department 711",169,"Healthcare Framework",1|10|39|169|906,5
907,"Department 712",169,"Healthcare Framework",1|10|39|169|907,5
908,"Department 713",169,"Healthcare Framework",1|10|39|169|908,5
909,"Department 714",169,"Healthcare Framework",1|10|39|169|909,5
910,"Department 715",169,"Healthcare Framework",1|10|39|169|910,5
911,"Department 716",63,"Healthcare Framework",1|11|63|911,4
912,"Department 717",63,"Healthcare Framework",1|11|63|912,4
913,"Department 718",61,"Healthcare Framework",1|13|61|913,4
914,"Department 719",61,"Healthcare Framework",1|13|61|914,4
915,"Department 720",61,"Healthcare Framework",1|13|61|915,4
916,"Department 721",73,"Healthcare Framework",1|11|73|916,4
917,"Department 722",70,"Healthcare Framework",1|11|70|917,4
918,"Department 723",70,"Healthcare Framework",1|11|70|918,4
919,"Department 724",70,"Healthcare Framework",1|11|70|919,4
920,"Department 725",70,"Healthcare Framework",1|11|70|920,4
921,"Department 726",70,"Healthcare Framework",1|11|70|921,4
922,"Department 727",70,"Healthcare Framework",1|11|70|922,4
923,"Department 728",70,"Healthcare Framework",1|11|70|923,4
924,"Department 729",70,"Healthcare Framework",1|11|70|924,4
925,"Department 730",30,"Healthcare Framework",1|8|30|925,4
926,"Department 731",30,"Healthcare Framework",1|8|30|926,4
927,"Department 732",30,"Healthcare Framework",1|8|30|927,4
928,"Department 733",30,"Healthcare Framework",1|8|30|928,4
929,"Department 734",30,"Healthcare Framework",1|8|30|929,4
930,"Department 735",30,"Healthcare Framework",1|8|30|930,4
931,"Department 736",30,"Healthcare Framework",1|8|30|931,4
932,"Department 737",30,"Healthcare Framework",1|8|30|932,4
933,"Department 738",30,"Healthcare Framework",1|8|30|933,4
934,"Department 739",30,"Healthcare Framework",1|8|30|934,4
935,"Department 740",30,"Healthcare Framework",1|8|30|935,4
936,"Department 741",30,"Healthcare Framework",1|8|30|936,4
937,"Department 742",30,"Healthcare Framework",1|8|30|937,4
938,"Department 743",30,"Healthcare Framework",1|8|30|938,4
939,"Department 744",30,"Healthcare Framework",1|8|30|939,4
940,"Department 745",30,"Healthcare Framework",1|8|30|940,4
941,"Department 746",30,"Healthcare Framework",1|8|30|941,4
942,"Department 747",30,"Healthcare Framework",1|8|30|942,4
943,"Department 748",30,"Healthcare Framework",1|8|30|943,4
944,"Department 749",30,"Healthcare Framework",1|8|30|944,4
945,"Department 750",30,"Healthcare Framework",1|8|30|945,4
946,"Department 751",30,"Healthcare Framework",1|8|30|946,4
947,"Department 752",30,"Healthcare Framework",1|8|30|947,4
948,"Department 753",30,"Healthcare Framework",1|8|30|948,4
949,"Department 754",30,"Healthcare Framework",1|8|30|949,4
950,"Department 755",30,"Healthcare Framework",1|8|30|950,4
951,"Department 756",30,"Healthcare Framework",1|8|30|951,4
952,"Department 757",90,"Healthcare Framework",1|8|28|90|952,5
953,"Department 758",90,"Healthcare Framework",1|8|28|90|953,5
954,"Department 759",21,"Healthcare Framework",1|3|21|954,4
955,"Department 760",185,"Healthcare Framework",1|10|42|185|955,5
956,"Department 761",185,"Healthcare Framework",1|10|42|185|956,5
957,"Department 762",185,"Healthcare Framework",1|10|42|185|957,5
958,"Department 763",185,"Healthcare Framework",1|10|42|185|958,5
959,"Department 764",185,"Healthcare Framework",1|10|42|185|959,5
960,"Department 765",185,"Healthcare Framework",1|10|42|185|960,5
961,"Department 766",185,"Healthcare Framework",1|10|42|185|961,5
962,"Department 767",185,"Healthcare Framework",1|10|42|185|962,5
963,"Department 768",185,"Healthcare Framework",1|10|42|185|963,5
964,"Department 769",185,"Healthcare Framework",1|10|42|185|964,5
965,"Department 770",185,"Healthcare Framework",1|10|42|185|965,5
966,"Department 771",185,"Healthcare Framework",1|10|42|185|966,5
967,"Department 772",185,"Healthcare Framework",1|10|42|185|967,5
968,"Department 773",185,"Healthcare Framework",1|10|42|185|968,5
969,"Department 774",185,"Healthcare Framework",1|10|42|185|969,5
970,"Department 775",185,"Healthcare Framework",1|10|42|185|970,5
971,"Corporate Framework",0,"Corporate Framework",971,1
984,APAC,971,"Corporate Framework",971|984,2
985,Americas,971,"Corporate Framework",971|985,2
986,EMEA,971,"Corporate Framework",971|986,2
987,"HR Department",984,"Corporate Framework",971|984|987,3
988,"Finance Department",984,"Corporate Framework",971|984|988,3
989,"Project Management Office",984,"Corporate Framework",971|984|989,3
990,"Marketing Department",984,"Corporate Framework",971|984|990,3
991,"Sales Department",984,"Corporate Framework",971|984|991,3
992,"Executive Group",984,"Corporate Framework",971|984|992,3
993,"Research and Development Department",984,"Corporate Framework",971|984|993,3
994,"Legal Department",984,"Corporate Framework",971|984|994,3
995,"Facilities Department",984,"Corporate Framework",971|984|995,3
996,"HR Department",985,"Corporate Framework",971|985|996,3
997,"Finance Department",985,"Corporate Framework",971|985|997,3
998,"Project Management Office",985,"Corporate Framework",971|985|998,3
999,"Marketing Department",985,"Corporate Framework",971|985|999,3
1000,"Sales Department",985,"Corporate Framework",971|985|1000,3
1001,"Executive Group",985,"Corporate Framework",971|985|1001,3
1002,"Research and Development Department",985,"Corporate Framework",971|985|1002,3
1003,"Legal Department",985,"Corporate Framework",971|985|1003,3
1004,"Facilities Department",985,"Corporate Framework",971|985|1004,3
1005,"HR Department",986,"Corporate Framework",971|986|1005,3
1006,"Finance Department",986,"Corporate Framework",971|986|1006,3
1007,"Project Management Office",986,"Corporate Framework",971|986|1007,3
1008,"Marketing Department",986,"Corporate Framework",971|986|1008,3
1009,"Sales Department",986,"Corporate Framework",971|986|1009,3
1010,"Executive Group",986,"Corporate Framework",971|986|1010,3
1011,"Research and Development Department",986,"Corporate Framework",971|986|1011,3
1012,"Legal Department",986,"Corporate Framework",971|986|1012,3
1013,"Facilities Department",986,"Corporate Framework",971|986|1013,3
